text,aspect,classification_method
말차맛 볶은쌀맛 많이 안 달고 고소함,,
맛은 말할 것도 없고요!,,
전부 시음해보고 메론맛이랑 시나몬약과맛이랑 겟겟,,
커피믹스 계에 애플입니다.,,
시음해보고 들어갔는데 진짜 메로나맛^^ 너무 맛있어요~~,,
바나나우유맛도 너무 맛있었어요,,
존맛!!!!!,,
전 오리지널이 깔끔하고 먹고나서도 텁텁하지 않아 좋았어요.,,
😅😅,,
오~~,,
기분좋게 갔다가 화병나서 갑니다,,
시음을 못해서 아쉬웠어요.,,
"저는 오리지날, 동생은 볶음쌀이 좋다고 합니다.",,
좋은 우유분말을 써서 고급지고 부드러운 맛이 납니다.,,
맛은 그냥 아는 맛...?,,
그냥 일반믹스가 맛있음,,
"양이 좀 적긴하지만
근데 진심 오란다는……….",,
맛없어요,,
"여름이 가기 전에 꼭 팥빙수 슬러시를 먹고 싶었는데, 놓치지 않았네요!",,
완전 추천합니다.,,
호호 >.<,,
뉴믹스 궁금해서 와봤어요,,
✨️,,
대신 달아요~,,
믹스를 쌀맛으로 즐겼어요 ㅎㅎㅎ,,
맛있고 깔끔해요!!,,
슬러쉬도 맛있었어용,,
달달하니 한입 컷으로 다 쪽 빨아먹었다지 뭐예요,,
흑임자도 맛있고 오리지널도 너무 추천합니다..,,
오란다는 사랑 그 자체,,
"테이크 아웃해서
근처에서 먹기 좋아요",,
지난번에 맛있게 먹어서 성수 놀려온 김에 또 사려 왔어용♡,,
💗,,
뉴믹스했어요,,
슬러시 넘 시원하고 좋아요!,,
오란다도 맛있어요~,,
녹차슬러시 맛있음,,
오리지널 슬러시는 더위사냥 맛 무난하게 맛있음,,
지나가면서 항상 보여서 한번 들어가봤어요.,,
확실히 맥심골드보다 달달하고 맛있네요!,,
아이스 밤라떼는 꼬숩고 바밤바 맛이 나요!,,
"저는 군밤맛, 친구는 볶은쌀맛으로 시켰는데 2개 모두 맛있어용!!",,
성수에 오신다면 뉴믹스 추천드립니당~~~,,
카페까지 가서 믹스거피를?,,
굳이?,,
끝맛은 텁텁,,
뉴믹스!!!!!!,,
사간 오리지날 믹스는 맛있었다.,,
궁금했는데 맛이 좋아요!,,
시음하고 맛있어서 사먹었어요 ㅋㅋㅋ,,
개인적으로는 맥심이 더 맛나네요,,
오란다..,,
아는 맛..,,
쏘쏘합니다,,
정말 좋아요,,
인스타그램에서만 보다가 드디어 왔습니다!!!,,
신기해요,,
재미있어요,,
또오고 싶어욥!,,
👍👍👍,,
감사합니다,,
💗💗,,
뉴믹스 핫해용,,
신기함!!!,,
메뉴가 신기하고 독특해요!,,
인스타에서 보고 왔는데 너무 신기했어요!,,
좋아요!!!,,
할매입맛인 제게 볶음쌀맛이 딱,,
👍👍,,
굉장히 신선한 컨셉이네요,,
맛도 독특하네요,,
흥하세요,,
🔥,,
담에 오란다랑 먹어보려구요!,,
맛있어요,,
다음에또올게요,,
신박합니다,,
역시.,,
😚,,
자리 없어요,,
참고하세요,,
느낌 좋아요,,
"🥲
커피슬러쉬 2500원인데 넘 맛있어요",,
아이랑 같이.,,
즐겁습니다!,,
들렸다 갑니다,,
🤩,,
넘 좋아용 ;),,
최고,,
나중에 또 와보겠습니당,,
와보고 싶었는데 친구랑 드뎌 왔음 ^^,,
"너무 좋아요오,,!",,
앞에서 시음해보고 바로 들어왔어요!,,
군밤맛 너무 맛있어요!,,
지나가다가  시음해주셔서 들러봤어요!!,,
배민 창업자분들 새로 론칭하셨다고 들어는 봤는데  진짜 우리가 아는 그 익숙한 맥심맛! ㅋㅋㅋㅋㅋ,,
달달하니 맛있었어요,,
존맛탱 흥해랏~~,,
"아직 안 먹었지만, 군밤맛 추천해요ㅎㅎ",,
부모님이랑 왔어요,,
기대 안했는데 넘 맛있었어요!,,
"☺️
오란다도 맛있구요",,
배민 김봉진 대표님께서 새로 런칭히신 F&B브랜드라고 하여 와보았다!,,
감각적임,,
엄청 기대하고 갔는데..,,
기대보다 훨씬 맛있어요……❤️‍🔥,,
구매 후 담아갈 종이백이 없어 방수팩을 주셨는데 이 부분이 신선하면서도 아쉽게 다가왔습니다.,,
번창하세요!,,
너무맛있어여,,
😍,,
꼬숩고 부드러워요,,
브랜딩도 재밌네요,,
맛있어요!,,
추천합니다!,,
맛있어요!!,,
되게신기해요!!!,,
너무 맛있어요,,
완전 신세계에요,,
가장 고전적이고 혁신적인 맛!!,,
달다구리 최고에요!!,,
화려해요,,
맛도 기대되요,,
지인에게 추천받아 왔습니다.,,
뉴믹스 궁금해서 와봤어욤 !!,,
"메뉴를 초이스하면 컵안에 도넛츠 모양
토핑돤 오란다갸  나온다.",,
흠~맛은 오란다에 토핑맛이 강하다.,,
"맛이 오묘하고~달달하니~정신번쩍~입 힐링~
변헝된 오란다~",,
힙하다~힙해~아이디어굿,,
오란다,,
짱,,
드디어왔다!!!!!:),,
힙하다 힙해👀🤍,,
완전 신선합니다 ✨✨✨,,
뉴믹스 오리지널 볶은쌀맛 너무 맛있어요ㅎㅎ,,
아이디어 너무 좋네요!,,
와보고 싶었어요,,
"최고최고 마싯소요~~~
회사가 가까워서 자주와용~~!!!",,
기대됩니다!,,
새로생긴 뉴믹스 맛있어요!,,
메뉴 특이하고 맛있습니다.,,
"😋
🍊오란다",,
👍🏻,,
☕️,,
재밌어요,,
👍🏻👍🏻👍🏻👍🏻🥰🥰🥰,,
궁금했었는데 맛있게 먹었습니당!,,
이번엔 오리지날 먹었는데 담엔 다른 맛도 먹어볼게욥,,
🩷,,
우왕 새로운 경험이에요,,
좋아요,,
최고👍🏻,,
맛있어요~~~~.,,
👍🏻👍🏻,,
🫶🏻,,
맛있어 보여요,,
😀🫶🏻,,
👍,,
지인이 준거 먹어보고 맛있어서 한박스 사서 갑니다!,,
다른 맛도 궁금해요,,
새로운 경험 아주 좋은경험입니다,,
날이 너무 좋아서 슬러쉬 한 잔 해봅니다.,,
녹차맛 슬러쉬 진쟈,,
료..,,
너무 맛있어,,
🤍,,
너무 좋아요~~! ㅋㅋ,,
최고의 조합!!,,
맛있었어,,
툐!,,
근데 맛있긴 해요.,,
다만...,,
조금 아쉬운 게 얼음이 너무 많아서 액체량이 정말 적습니다ㅜ,,
오란다는 아는 맛이지만 맛있었어요.,,
라는 생각이 들어서 조금 안타까웠습니다.,,
🤍🤍,,
와 너무 맛있어요!!!!,,
종류도 다양해요,,
오리지널 맛이 진짜 부드러워요!,,
더울 때 먹기에 좋아요,,
☺️,,
그만큼 인기가 많습니다.,,
너무 맛있게 잘먹었어요,,
아이디어도 너무 좋고 비주얼도 미쳣어요,,
신기한 컨셉의 카페길래 지나가다 들려보았어요!,,
건빵 맛있어요,,
😃,,
잘 먹고 갑니다!,,
✮  💖  𝒿𝓂𝓉  💖  ✮,,
느낌도 너무 좋습니다!,,
떡와플운 3분 정도 걸린대요,,
신기하고 맛있어요!!,,
너무 맛잇어요,,
데이트 중 보여서 들어 왔는데 신기한 경험이였어요,,
특이하고 맛있어요 ㅎㅎ,,
오리지널은 역시나 달달한게 넘나 맛있구요,,
"녹차맛은,, 음..",,
달달해서 쌉싸름한 맛이 덜 느껴짐,,
(개취!),,
그래도 오리지널 뉴믹스는 맛있습니다!,,
궁금하다 싶으면 한번정도는 가볼만한 카페인듯 ;-),,
넘 맛있어요,,
들고 다니기 딱 좋아요!,,
힙왕힙신,,
신기하네요,,
뉴믹스가 생겼다길래 와봤어요~!!,,
귀엽네요,,
슬러시가 엄청 찐해요!,,
뉴믹스!,,
많이사갑니다,,
요즘 핫해서 들러봤는데 맛있네요,,
😊,,
제조방법이나 비율 여쭤보고싶은거 꾹 참았어요!,,
오란다도 너무 찐득한 게 아니라 바삭바삭해서 너무 맛있었어요..!,,
신기하고 맛있어요!,,
평일이라 오래 안기다렸어요.,,
군밤맛 아이스 먹었는데 완전 맛나용,,
어제 먹고 맛있어서 또 왔어요!!,,
맛별로…..,,
먹어보고 싶어요!!!!!,,
🙂,,
이벤트 당첨은 안됐네여..,,
하지만 자주가지마세요,,
제가 갈거니까ㅠ?,,
맛도 좋았어요ㅎ,,
추천,,
메뉴가 다양해서 골라먹기 좋아요,,
굿굿 맛있어요,,
🤍🫢🤍,,
지나칠수 없는 핫플 냄새가 나요..,,
"🥹
2호점도 열면 가볼게요",,
오란다와 오리지널맛 믹스 볶은쌀맛 믹스 샀는데 맛이 궁금합니다,,
자주 이용할게요,,
건빵크런치는 겉에 붙인 메밀맛이 고소달달해 맛있었다,,
💗💗 다음에 다른 메뉴들도 먹어보고 싶다 !!,,
🙋🏻‍♀️🙋🏻‍♀️,,
메뉴가 다양해서 재밌어요!,,
핫한 카페를 평일에 오니 좋았어오!,,
너무 좋아요!,,
너무 귀엽고 새로웠어용,,
유명해져라,,
아니 유명해 지지마,,
컨셉도 메뉴도 재밌네요!!,,
ㅎㅎ좋어여,,
오,,
성수동에 새로생긴 핫플~~!!,,
오픈런했어요!,,
친구랑 성수 들렀다가 요즘 성수 핫플이라는 뉴믹스 들러봤어요.,,
💕,,
"💚 너무 단 거 안 좋아하시면 고소한 쌀, 밤맛도 추천드려요.",,
저럼하고맛있어요,,
배달의 민족대표(김봉진님)이 드디어 외식산업에 진출해서 와봤습니다,,
바밤바맛나는데 맛있어요,,
떡도 찹쌀떡 구웠는 지 쫄깃하고 시럽이 잘어울립니다,,
오란다 드실꺼면 위에 토핑 올라간걸 드세요!!!,,
기본은 우리가 아는 그맛입니다,,
효창공원가서 드셔도 좋습니다ㅎ,,
툐 또올게요,,
오 신기해서 와봤어여,,
👍🏻👍🏻👍🏻,,
녹차맛 쌉쌀하니 많이 달지 않아 좋아요!,,
오란다도 파사파삭하고 맛있어요!,,
도자기컵 너무 귀여워용,,
달달구리 하더라구요.,,
진짜 맛있어요~,,
오란다도 맛있어서 계속 생각나요ㅋ,,
한국 스러운.,,
한국에 거주하는.,,
모두에게.,,
로컬의 맛과 바이브를 전해주는.,,
재밌는 경험!!,,
흰쌀믹스가 맛있어요~!,,
유명해서 와봤어요!!!,,
기대한만큼 힙해용,,
❤️,,
녹차 Hot으로 먹었는데 진짜 맛있어요,,
이거 녹차향도 많이나구 ㅠㅜ (˃́ꇴ˂̀)ᵍᵒᵒᵈᵎᵎ,,
녹차슬러쉬 맛있어요~~~~,,
생각보다 덜달고 고소한 볶은쌀맛에 반했어요,,
게다가 황금별 이벤트까지 당첨되어서 너무 행복해요,,
🥰 존맛 추천추천 성수가면 꼭 가보세요!!!!!,,
"날씨 쌀쌀했는데 은은하게 달달하고 속 따뜻해지는
그런맛이엇어요",,
너무 맛잇었습니다~~,,
달달허이 맛있네요,,
메뉴 도장깨기 하러 또 가고 싶어요!,,
오리지널 꼭 한번 다들 먹어보길 ..!,,
오란다도 맛있구요~~,,
슬러쉬는 더위사냥 맛이에요!,,
😆,,
조합이 묘하게 끌려요!,,
슬러시 강추!,,
수제화 아저씨 동상이랑 같이 길커 타임을 가졌어요.,,
다음에 슬러쉬 맛보러 갈게오,,
좋은 경험하고 갑니다^^,,
운영하시는 분들이 서윗해요..,,
신기하게 진짜 안 텁텁하구 맛있어용!!!,,
황금별 못받아서 아쉬워요,,
트렌디함!,,
오란다는 부드럽고 맛났습니다,,
😋,,
궁금해서 와 봤는데 너무 귀여워요 ㅎㅎ,,
앙!,,
믹스는 쌀맛최고.,,
여긴 오리지널말구 다른게 더 맛있는듓!!,,
맛있다 하면서 계속 먹게 되더라구요 :),,
군밤맛 신기하고 맛있어요!,,
너무 궁금해서 좋아하는 친구랑 찾아왔어요!,,
앞으로도 기대됩니다,,
🫶🏼,,
맛있었어요~~,,
👀🖤,,
메뮤는 오리지날+건빵 조합 미쳤구요 !!,,
(건빵 인간사료입니다),,
더위사냥st 슬러시도 맛있던데요..?,,
강추 강추,,
오리지널 슬러시 - 더위사냥보다 진하고 잠깨는맛입니다.,,
추천드려요!,,
건빵도 맛있어요^^,,
!!!,,
녹차맛이 진해요,,
추천!,,
우째 이런 생각을!,,
승승장구하시길!,,
너무 맛있어요!!,,
"성수에
간다면 꼭 들러야 합니다!",,
다들 뉴믹스 가요!,,
두 번 세 번 백 번 가세요!!!!!!,,
책 영상으로만보던 김봉진대표 새로운도전,,
나도 드디어 와봤다.,,
11시에 맞춰 오픈런!,,
뉴믹스 화이팅!!,,
할매입맛이신 분들 볶은쌀맛 추천이요!!,,
신기하네요!,,
"맛도 다양하고 당연히 단 편인데, 그래도 깔끔했어요.",,
달달해서 좋아요,,
갈,,
"건빵 한 통이 너무 인기가 많아서, 다시 사러 왔어요!",,
사 놓으면 내가 먹기 전에 이미 없어짐…!,,
추천합니다,,
특이하고 맛나용,,
힙하디힙한 카페🫠🫠,,
궁금해서 와봤어용,,
재미있는 경험이었어요!!!,,
다른 맛들도 궁금하지만 군밤맛 먹어보았는데 달큰한 밤맛이 너무 좋았어요,,
레트로+ 엠지 갬성 충만장소입니다^^,,
슬러시 존엄맛입니다,,
🩵,,
하지만 넘 좋네여,,
ㅎㅎ호,,
도넛모양 오란다도 너무 신선해요,,
귀여워용,,
💕☁️,,
넘 맛있고 구성 좋아요!!,,
너무 반갑습니다,,
뉴믹스!!!!!!!,,
인스타에서 보다가 궁금해서 와봤는데 괜찮았어요!,,
같이 간 친구한테 칭찬받음!!,,
👍🏻 또다른 친구 데리구 올게요!,,
오란다가 신기하게 입에서 원래 녹는것가요?,,
대박나세염~~~!!,,
🙌🏻,,
🤗,,
추천합니다~~,,
역시 한국인인건가!!,,
🌾🌾,,
"3월 중순에 정식오픈한다고 하니,
또 와야겠어요!!!!",,
대박나세요!!!! ^_^,,
최애조합 발견!!,,
세계가 인정하는 한국의 맛을 트렌디하게 풀어낸 뉴믹스!,,
앞으로의 뉴믹스의 행보도 기대됩니다!!!!!,,
많이 품절됐어요,,
미니 피규어 전부 모으는 게 진짜 힘들어요,,
💜,,
귀여운 우리 꾹뚜기랑 밤이🥰,,
나중에 카페만 따로 오고싶어요!!,,
한교동이 한가득,,
"교동아 
생일 축하해",,
교동아 사랑해~^^,,
4. 굿즈 판매 매대가 가장 최악.,,
500원 사이즈만함;,,
이걸 위해 왕복4시간 쓴 호구가 나,,
저번에 맛있아서 세번째와요~ 맛있어요!,,
교동이 생일카페 다녀왔어요!,,
교동이한테 초대받아 다녀왔숩니다,,
교동아 생일 츄카해,,
너무너무 귀여운 교동이 생파 다녀왔어요,,
너무 귀여워서 기절할뻔!,,
인형 사고 싶었는데 인형이 하나도 없어서 아쉬웠지만 재밌었어요ㅎㅎ,,
교동아 생일축하해~!!,,
굿즈존에서 키링 한 개 공책 한 개 DIY키링 한 개 샀는데 세상에 이게 7천원이라니~ 참 후회스럽네요,,
그게 DIY 키링입니다,,
허허 인형은 다 떨어져서 못 산다고 하고 이게 참.......,,
사진 추가하려고 보니까 한교동은 참 귀엽네요.....,,
미안하다교동아,,
교동아 사랑해 ..,,
공식쇼핑몰에서 한교동도 사고싶고 정말 바라는게ㅜ많지만 이렇게 너가 성공해서ㅠ̑̈ 카페도 연다는 자체가 너무 행복해,,
내년에도 기대할께,,
또 보자,,
교동아 생일 축하해,,
너무 귀여운 교동이가 가득해서 너무 좋았어요,,
저희 엄마도 교동이에 매력에 빠졌어요,,
"🩵
교동아 생일 미리 축하해",,
🩵🩵,,
교동이 생일카페 와따구~,,
교동아 사랑해,,
이런 생일파티 만들어주셔서 감사합니다!!!!!!!!!!,,
특전으로 방향제받은거 계산하다가 그것도 포함시켜서 계산됐네요ㅠ,,
이미 나온 상태라 전화했는데 안받아서 그냥 쓰겠지만 좀 어수선하고 굿즈들도 살만한거 거의없고 인생네컷도 퀄리티 별로입니다.,,
산리오 최애 한교동이 생일기념카페 가서 좋았어요,,
교동이 생일축하해~~~,,
굿즈도 그다지 살만한게 없었어요.,,
엄청 귀여워요!!,,
교동해 사랑아~~!!,,
우리 교동이 생일주간이라 축하해 주러 다녀왔어요,,
♥️,,
💙💙💙,,
재밌었어요,,
"특히
DIY키링 강추…🌸✨",,
교동이 생파가 열려서 다녀왔습니다~~,,
구경할 것도 많고 사진 찍기 좋습니다.,,
한교동 카페 리뷰 이제야 쓰기...,,
"🫠
잘 놀다 갔습니다",,
실망. ㅠ_ㅠ,,
가족관계증명서를보여달라고했다는데제가같이간게아닌데증명서를사진보내줬더니직접가지고오라고했다고어이가없어서..,,
근데무슨리뷰를쓰라고하는지..ㅡㅡ,,
교동이 생일도 축하해주고 좋은 경험이었어요,,
😊🩵,,
"최애 교동이 생일파티🎂🎉
넘 즐거운 시간 보내다가 가요,,,💕",,
"한교동 생일카페🎂❣️
사진 찍으러 가기 좋았어요..!",,
📸,,
너무 좋았어요,,
잘 보고왔습니다!,,
한교동 생일 축하해,,
❣️,,
교동아 생일축하해,,
이름이 어떻게 교동?,,
넘귀엽잔아.,,
전시된 물건종류는 너무 없고ㅡ.ㅡ,,
비좁고 ㅋㅋㅋ,,
한교동 생일축하해,,
라고 혼자 생각했습니다.,,
와..,,
정말 젊은이들의 감각이린…!!,,
교동이와 전화 ㅇ통화를 우연히 하게되었어요.,,
나도 으험..,,
교동아 사랑해..!,,
아니 사랑아 교동해 던가!! ㅎㄷㄷ,,
교동이 생일카페 내년에도 꼭 열렸으면 좋겠어요,,
🥹💝,,
한교동 생일 축하행,,
곳곳에 교동이가 다 너무 귀여워요 ㅎㅎ,,
🥳 교동아 생일축하하고 2025 산리오 인기투표 1위 가즈아!!!!,,
조금더 아이템이 많았으면ㅜㅠ,,
귀엽다,,
담에는 더 크게해주세여!!,,
교동이 첫 공식 생일카페라 바로 달려왔어요ㅜㅠ,,
"💕 한교동 잠옷 인형이 없어서 아쉬웠지만
그래도 다른 귀여운 인형으로 잘 입양해갑니당",,
"😎🫶
내년에 또 생카 열어줘 교동아ㅏ😭🩷",,
교동아 생일 축하 한다!,,
"귀여운 교동이 생일 축하파티💙🩵
너무 좋았어요~",,
파랑파랑💙🩵💙🩵💙,,
🩵🤍,,
✍️한교동이 성수동에 생일카페를 열었다고해서 다녀왔어요,,
💙,,
오랜만에 귀여운 거 보면서 힐링하고 온 시간이었어요,,
💙 덕분에 잘 놀다 갑니다,,
💙😆💙,,
음식은 기대를 안하긴 했지만 별로에요...,,
아쉽다....,,
한교동 굿즈들도 너무 귀여웠습니다ㅠㅠ!!,,
"사랑아,,교동해!",,
교동아 생일추카해,,
"🩵
사진 계속 찍어주시고 사탕 떨어트린것도 괜찮다고 했는데 제가 안괜찮다며 바꿔주시고 넘 감사해요!!!",,
제인생 팝업스토어 처음인데 너무너무 좋은 추억이었어요..!!,,
팝업이 이렇게 재밌는 거였군요 ~!!!!!!!!!!,,
무엇보다...,,
특히 교동이와의 통화!!!!,,
하루였습니다 ㅋㅋㅋㅠㅠ,,
3/14일까지 힘내세요~~!!!!!,,
"성수역 멀지만ㅋ
꾸기를 위해ㅎ",,
기다리기 힘들었는뎅,,
🥲 ㅋㅋ,,
"카페도 엄청 크고 딱 들어가면 우리 꾹뚜기이랑 밤ㅇㅣ가 반겨주는데 진짜 세상 귀엽 🥹💜💜💜
진짜 너무너무너무너무너무너무너무너무 귀여움",,
🥰,,
석진이 생일 파티 왔음~,,
좋았음~~,,
"☘️ 소다맛이요도 맛있고, 특전이 넘 좋아요오",,
❤️💚💙,,
분우기 좋아요,,
🫶,,
진님 생일 이벤트카페 다녀가요~,,
준비해주신 아미님들께 감사합니다~,,
보라합니다~,,
석진이 생카열려서 찾아왔어요.,,
잘놀다갑니다,,
친구랑 놀러 오기 좋네영,,
석진이 생일카페 진행하셔서 다녀왔어요,,
석진이 생일카페 나들이왔어요!,,
석진아 생일 축하해,,
💙💙,,
비데이 성수점 좋아요^^,,
너무 귀여운 석찌 생카!,,
😍 그리고 석찌 생일 축하해:)💜,,
석진이 생일카페를 열어서 다녀왔는데 너무너무 귀여웠어요.,,
석진이 생일맞이 놀러왔어요~,,
🥳🥳,,
즐거운 시간 보내게 되어 기쁩니다.,,
또 올께요,,
방탄 진 생카에 왔어요,,
생일축하드려요,,
썸머님 생일팝업 재미나게 잘 다녀왔어요!,,
언니 생일축하해요,,
💕🌷,,
"썸머 생축해요
핑크핑크 아름답고 즐거웠어요",,
좋았어용,,
🐣,,
스트레이키즈 필릭스 생일이카 생일크페 다녀왔습니다!,,
카페가 좋아요~~!!,,
🫶🏻 👍🏻,,
용복이 얼굴감상 잘하구 갑니당 :)),,
즐거웠습니다^^~,,
정국이 생일 기념카페 놀러왔어요~,,
😋👍,,
"정구기 꾹뚜기 생일파티 왔슴💖💖
너무 귀여워요!",,
생카전문(?),,
카페라 그런지 착착 진행해주셔서 좋네요 ㅋㅋㅋㅋㅋ,,
💜💜,,
꾹뚜기와 함께 정구기 당근농장 생카 잘보고 가여!,,
생카 열어주셔서 감사합니다!,,
적게 일하고 많이 버세요!,,
정국이 생일 잘 즐기다 갑니다:),,
💞💞,,
"💜
기다림은 힘들었지만 덕분에 넘 행복한 정국절💜💜",,
🥰🥰,,
🥰🥰😍,,
😋😋,,
맛있고 즐거운 카페입니다ㅎㅎ,,
재밌게 즐겼어요!!,,
#꾸꾸의_당근농장 뱅문하러 들렀습니다!!,,
최고...ㅠㅠㅠ,,
너무 좋어용!!,,
너무 재미있었어요,,
놀러오세요~~,,
좋은시간이었습니다,,
잘 놀다가 갑니다.,,
또 올께요 :),,
꾹뚜기 생일파티 축하해주려고 왔어요,,
힐링하고 갑니다,,
마카롱이 느므 귀여움,,
재민아 생일추카해~^^,,
아🐰😺💚🩷,,
"다음에 다시
올게요^^",,
d=(´▽｀)=b,,
초코 마카롱이 짱 맛있음,,
🌟 사진도 완전 잘나옴💫💫,,
꺅꺅,,
재민아 사랑해 ♡,,
💓💓💓,,
재민이 생카 선착특전 못받아서 당일특전이라도 받으려고 이틀내내 왔슴니다ㅠㅠㅠ,,
재민이 생카 다녀왔습니다,,
"#나나의_스타일기
#NANA_STARDIARY
#CAFE_BDAY",,
🎀,,
생일 축하해,,
NCT 재민 생일카페 해서 왔습니다!,,
꼭 드세여!!,,
💓💓 다음에 또 오고싶어요,,
✌️✌️,,
💕💕,,
💚,,
😳💕,,
아기 재민이가 반겨줘서 너무 좋앗어요,,
"재민  군^^
 내 딸 덕분에  호강하고갑니다^^",,
생일 축하합니다 ^^~♡,,
너무 좋아용,,
다음에 또 올게용,,
재민이 생일 카페 재밌게 즐기다 가용,,
#나나의_스타일기,,
마카롱 진짜 맛있고 카페 너무 귀여워용,,
너무 귀여운 버니잼이 입구부터!,,
😆😆,,
재민이 생일을 맞이하여 온 B-DAY!,,
💓,,
재민아 생일 미리 축하해,,
💚🐰,,
마카롱 너무맛있어요,,
🥰🥰🥰🥰👍👍👍,,
최고🥹,,
재민이 생카 찾아왔어요,,
재민아 생일추카해!!,,
생카 아니어두 오고싶어욤><,,
🩷💚,,
재민이 생카 왔다갑니당✨,,
엔시티 드림이라는 그룹의 재민 생일이라서 갔능데 너무 좋아요!!,,
그리구 음료수도 맛있어요,,
스크린 너무 멋있었음!!,,
묵직한 식감이라서 점저겸 먹는데도 배불러서 다 못 먹었습니다ㅎㅎ,,
🍮,,
담에 또 와야겠어요~~,,
방탄에 걸맞는~ 메뉴!!,,
지민 이벤트 중이라 여기저기 지민이 가득해서 좋았습니당,,
❤️  맛도 좋아요~,,
💚💚💚💚,,
넘넘 좋네요,,
신기했어요!,,
"😀 
메뉴도 다양하고 여름을 맞이하여 애플망고빙수 먹었는데 망고도 듬뿍 아낌없이 주셔서!",,
빙수 먹는 내내 망고 부족함 없이 시원하게 넘 맛있게 잘 먹었습니당,,
성수동 대형카페가 하나 더 생겼네요,,
비데이에서 힐링하다 갑니다,,
망고빙수 양도 정말 많고 얼음 자체가 우유에 연유 섞은 살짝 달달한 맛이라 진짜 맛있었어요!!,,
애플망고빙수 진짜 맛있어요!!,,
너무맛있게먹고갑니다 번창하세요,,
💛,,
망고빙수 맛집!,,
🎀👍,,
💙💙신유가 많아서 좋네,,
예ㅔㅔ💙💙,,
너무 좋네요,,
잘 머무르다 갑니다!!!!!!,,
🫶💙,,
또 오고 싶습니다!!,,
컴백 기념으로 다녀갑니다,,
데뷔기념카페 다녀왔어요!,,
"💙
투어스 흥해라~~",,
"v  이벤트 참여겸 왔는데 
아이스 아메리카도 맛나네요~",,
이벤트 카페 너무 좋아요,,
😝,,
청포도라임에이드 쫀맛💚💚,,
가켝이 헙리적인듯 서울 카페치고는~~~,,
우유얼음이 시원하면서 달달한 애플망고가 씹히는 맛!!,,
사진도 엄청 잘 나와요,,
완전 강추해요,,
💓 번창하세용!,,
제베원 컴백 기념 카페!,,
생카도 여기서 해주세여,,
"다른 베이커리류도 아침에 구워 나와서 정말 먹음직스러웠는데요, 혼자 다 못먹는게 아쉬울정도더라고요.",,
너무 맛있게 즐겁게 즐기다가 왔어요.,,
독특한 외관과 영국국기가 맛에 대한 기대를 잔뜩 올린다.,,
그런데 왠걸...,,
식음하는 기분이 전혀안남.,,
많이 아쉬웠다.,,
프렌치토스트 진짜 퀄리티 미쳤네요.,,
크림브륄레처럼 겉면이 파삭해서 기분 좋고 속은 촉촉해요♡,,
글구 단호박스프 이거 완전 요물!!,,
와 이렇게 퀄 좋은 단호박스프를 카페에서 먹는게 말이 돼?! ㅋㅋㅋㅋ,,
진짜 여기 요리 잘하는 듯~~,,
무화과랑 함께 먹으니까 최고네요.,,
성수 올 때마다 꼭 들려야겠어요.,,
나즁에 조카데리고 오려고요,,
클래식 프렌치토스트가 너무 맛있어요 ♥,,
또올게요,,
🫨,,
성수 카페 헨리스플랏!,,
영국식,,
가까우면 자주 오고 싶어요!,,
맛있어요♡♡,,
😍💖🩷 진짜 들어오자마자 반했습니다,,
남자친구분들 여기서 여자친구분 인생샷 찍어주세요,,
잠시나마 런던 여행온 느낌 💕💕,,
🩷🩷,,
겉은 바삭하고 속은 촉촉하니 휘낭시에의 정석을 먹는듯한 느낌이라추천합니다요!!,,
성수 느좋카페!!,,
휘낭시에 셈라 전부 최고에요!!,,
특히 셈라를 강력 추천합니다.,,
"셈라 처음 먹어 봤는데, 특히 커스터드 셈라가 별미입니다~~",,
☺️👍🏻,,
셈라에 그래놀라 뿌려먹으니 진짜 대존맛!!,,
나중에 친구들 데려오고 싶어요,,
"도 엄청 맛있게 생겼던데
다음에 도장깨기 하러 오겟음",,
니다ㅠㅠ,,
지난 번에 먹었던 셈라 먹고 싶어서 다시 왔어요!!!,,
올 때마다 넘 좋네용:),,
커스터드 셈라 진짜 완전 추천합니다,,
👍🏻👍🏻어쩜 이렇게 맛있냐를 연발하며 먹었네요,,
💖,,
2층까지 테이블도 많아 자리도 충분하고 눈길닿는 구석구성 눈호강이에요,,
즐거운 오후시간 보냈습니다,,
와 진짜 성수에 이런 대형카페가...!,,
❤️❤️,,
😀,,
셈라 종류가 진짜 많던데,,
다음에는 카스테라 셈라도 먹어보려고요..,,
😊✨ 다음에 또 가고 싶은 카페예요!!,,
성수동에 큰 카페는 별로 없는데 여기는 생각보다 카페규모가 큽니다,,
간만에 마음에 드는 카페 발견해서 기분좋습니당,,
셈라는 이번에 처음 먹어봤는데 맛있더라구요,,
영국스타일의 카페입니다.,,
건물외관부터 느껴지시죠?,,
덕분에 좋은 하루를 보냈어요. ^^,,
성수 느좋 카페 🫶😆😆,,
맛집이네요.,,
"헤헤
언제봐도 좋은 크리스마스 데코에
포토존도 넘쳐나서 너무 좋았어용 ㅎ-ㅎ",,
😙♥️🤍,,
셈라가 진짜 너어무 맛나고 특별해서 강추!!,,
"😁👍
다음엔 다크초코 먹으러 올듯😆",,
진짜 사진찍기 바쁜 성수카페예요..,,
👍🏼,,
가오픈한 카페에요.,,
영국 안가봤는데 안가도될듯 ㅠㅠ 소품 하나하나 다 너무 귀여워서 훔쳐가고 싶었어요,,
셈라도 너무 궁금했는데 배불러서 못 먹었어여ㅠㅜ,,
다음에 셈라 먹으러 갑니다,,
대박나세요,,
🫶🏻🍀💕,,
바질번 강츄!!,,
"성수동 로우어가든이 헨리스플랏으로 바뀌어 1월
동안 가오픈한다고하여 가보았어요.",,
성수오면 또올게요!!!!!,,
브런치 메뉴 오픈하면 또 갈 거예요,,
또오고싶어요!!,,
꼭 드셔보세요!!,,
제 최애 단골카페 찜입니다,,
"🥰
잠시 영국에 온 느낌이랄까요!!",,
완전 추천 합니다,,
오이 넣은 바스번은 오이의 산뜻한 맛과 새콤한 소스가 조화로워 맛있게 먹었습니다,,
성수동에서 아늑한 영국 감성을 제대로 느꼈어요,,
💟,,
👏,,
저격하는 카페!,,
오랜만에 콧바람 쐴 겸 당충전하려고 와봤어요,,
잠봉뵈르 번은 오늘 새로 나왔다고 하시더라구요,,
뻑뻑하긴만한 휘낭시에가 아닙니다.,,
입에 딱 들어가는 순간 새콤한 맛이 침샘을 자극합니다,,
가오픈인데도 이정도인데 정식 오픈이 기대가 되네요ㅎㅎ,,
다음에 또 와서 먹으면 되니까 손에 닿는것 먼저 드셔보세요,,
찐찐 추천합니다!!!,,
할말 너무많지만 다음에 리뷰 또 쓰려고요.,,
여기때문에 블로그 해야할판..,,
존맛 인정입니다,,
사진 맛집 발견!,,
1월 정식 오픈이 벌써 기대되네요!,,
똥손인데도 찍으면 다 작품이네요^^,,
찜하고가요~~,,
플랫화이트도 맛있고 넘 좋네요,,
성수오시면 헨리스플랏 강추합니다,,
가오픈이라 사진찍기도 좋아요!!,,
맛 별로 다 먹어보고 싶었으나 우선 애플크럼블 하나만 구매해봤는데요.,,
정말정말 맛있네요.,,
다음에 또 구매하러 오려구요.,,
우연히 들렸는데 너무 맛있어요,,
빅토리아 먹고싶었는데 품절이라 바노피 먹었어요,,
근데 바노피도 엄청 맛있네요!!!><,,
논현역 왔다가 들러봤어용!,,
쑥 블렌디드는 처음 먹어봤는데 맛있어요~~,,
진짜 너무 맛나유!.!,,
강추강추,,
맛있네요!,,
유행인 두바이를 이곳의 방식으로 재구성해서 판매하길래 고민안하고 사먹었습니다ㅎㅎ,,
본점에서도 하실지 궁금하네요~,,
재료를 아끼지않고 맛있게 듬뿍 넣으신게 느껴졌습니다.,,
진짜맛있었어요!!,,
♥️ ㅎㅎ,,
특이한 메뉴가 많아요!,,
진짜,,
다만 아이보리 방석커버?,,
🍃,,
(맛있다는 뜻!),,
👍🏻❣️,,
빅토리아의 소중함을 다시 깨닫습니다....ㅠ,,
☺️☺️ 다음에 또 올게요!,,
초코칩이 무첫잔아??,,
"눅눅한게 약간 반죽 맛이랄까용 ㅠ,,",,
저에겐 아쉬운 맛이였어요,,
갠적으로 저는 말차맛이 더 맛있었어요,,
🙈🙈,,
아담하지만.,,
자세한 리뷰는 _  https://m.blog.naver.com/witchfactory/223302735600,,
진짜...,,
진짜 맛있어요!♡♡♡,,
너어어어어무 맛있어요!!!,,
다른 맛도 궁금해지는...,,
🥺🥺🥺,,
너무맛있어요!,,
🤎 최고!!!,,
시원하게 먹으니 더 맛도리!!!!!,,
그리고 파운드..,,
이거 진짜 미쳤어요..,,
🧡 황치쥬는 사랑입니다!!!,,
미쳤구요,,
존맛이구요,,
사랑입니다,,
갓 나온 아이를 먹어서인지 숙성이 조금만 더 됐더라면 싶었지만 조용히 흡입했습니다,,
쑥 향이 진짜 진하더라구요ㅠ,,
넘 맛있잖아요,,
🫶🏻헤헤 찾았다,,
완전 추천!!!,,
고민하다 추천받아서 먹게된 게 빅토리아스콘이었는데 진심 꼭 드샤보시길 바라는 마음.,,
뒷골목으로 조금 나왔는데 신의한수.,,
💞,,
로우어 가든 최애 카페예요,,
구움,,
위에 여러 토핑이 올라가 먹는데 질리지않고 맛있게 먹기 좋았습니다 ㅎㅎ,,
근데 신메뉴도 진짜 신기하고도 달달한게 양도 많아서 다른 메뉴들도 먹어보고싶어요!,,
진짜 미쳤어요.,,
원래 아아충인데 여기만오면 단거를 자꾸 찾네요,,
엉엉 조만간 또올게요,,
꼭이요 ㅠㅠ,,
강남 최고의 카페...♡♡♡,,
꽃집도 같이 운영하는 카페에요!,,
저녁 때되면 거의 안남는게 찐 ㅠ,,
디져트가맛있어요,,
순삭하느라 사진이 없어서 가게에서 올리신 사진 크롭해서 첨부했어요!,,
부드럽고 달달한 초코와 얼그레이 향에 미칩니다.,,
이번에 데려와봤습니다.,,
주말 내내 먹으려고 잔뜩 사왔는데 너무 맛있어서 지금도 순삭중입니다!,,
조만간 또 올게요!,,
아주 좋아요,,
다음엔 여기서 먹어보고싶네요,,
얼그레이갸또?,,
짱 맛있어요,,
🥹👏,,
그냥 나오긴 아쉬운참에 약과맛 처음봐서 구매했어요.,,
약과는 구워져서인지 바삭하거나 단단한 편이라 조금 의외였어요.,,
이런 한국식퓨전 너무 좋네요ㅎㅎ,,
감사합니다!,,
크기가 작아서 테이블이 몇개 없어요!,,
🌸,,
쫀득쫀득하구 아메랑도 찰떡... ㅠㅁ ㅠ,,
담에 또가야지,,
흑임자 갸또 진짜 맛있어요!!!,,
음료수 맛은 좋아요~,,
"☺️ 
고소하고 넘 맛있네요!",,
넘 둘이 잘 어울리고,,
깨끗했어요,,
담에 또오고 싶네요!,,
"QR, 백신 접종확인 철저히 하구요,",,
당근케잌 엄청 맛나네요,,
깔끔했어요 !,,
제가 이거 좋아해서 엄청 자주 갑니다!,,
진짜 4단계 시국에 주의 좀 하셨으면 좋겠어서 리뷰 남겨요…,,
맛잇어요 !,,
다음날 또 생각나서 갔는데 자리가 없어서 다른데 갔어요,,
💛 다음에 또 올게요!,,
제가 사랑하는 카페입니다.,,
글구 문을 계속 열어놓으셔서 넘 추워요,,
여기 너무 좋아요...,,
"🤍🤍🤍🤍
서울오면 또 와야겠어용",,
존맛탱이에요!!,,
쑥라떼도 쑥항이 진해서 좋았어요.,,
잘..,,
👍👍👍👍❤️‍🔥💯,,
맨날 가는 커피숍 정말 맛있어요,,
뻥안치고 진심!!,,
완전 강추!!!!,,
❤️‍🔥❤️‍🔥,,
매주는 못오더라도 주말마다 종종 찾아올 생각입니다!,,
와 롱블랙 맛집 찾기 힘든데 너무 맛있어요!,,
동네 맛집 발견❤️,,
번창하세요~:),,
💯💯💯,,
카우보이 이햐~~~~  🤠,,
"웨스턴~~~
근데 롱블랙~~~~",,
🔥🔥🔥🔥🔥,,
오렌지쥬스 완전 맛있어요,,
☕️☕️☕️☕️☕️☕️☕️,,
😋 앞으로 자주 갈게요!,,
강추강추!!!,,
진짜 어이없이 맛있어서 하나 더 먹고싶은데 눈치보여서 내일 또 올게요.,,
아아 난 몰라,,
장사 오래오래 하주세요!!,,
너무 딱딱하고 건조해요…,,
🐂🦔❤️,,
숨겨진 찐카페☕️,,
너무 좋아요~,,
1년째 단골!!,,
🐴🐴,,
"오후완~~
오늘도 후프 완료!!",,
넘 마딧구요..,,
하나도 안 느끼하고 적당히 달고 고소해요 !!!,,
진짜 번창하세용 !!!,,
"❤️‍🔥❤️‍🔥
그리고 플레이리스트..",,
미쳤습니당 ..,,
🥲,,
😁,,
성수1가 카페중에서 👍💯,,
달달구리 ㅎㅎㅎㅎ,,
너무 청결합니다,,
사진 찍으려고했는데 너무 맛있어서 사라졌어요,,
머신과 그라인더 주변의 청결함.,,
👍😍😎,,
🖤,,
개존맛탱구리구리구리🐴,,
신박하고 맛있어요!!,,
"4500원이나 하는데
존내맛없음",,
성수동 오면 항상 오는 아주 따뜻한 카페🥰,,
내원픽!!,,
맛있어요!!!,,
동네에 이런 카페가 많이 생겼으면!,,
여기 최고!!,,
☕️👍👍🔥🤩😎,,
맛있어요^^,,
저 후프카페에서 사진찍고 인생사진도 건졌어요 !!,,
맛있어용 !!,,
히든 메뉴가 유레차(?),,
엄마 식혜(?),,
👍🏻👍🏻👍🏻👍🏻👍🏻,,
분위가 좋아요!!,,
메뉴가 많아요.,,
근데 말해보면 안무서움,,
순해서 놀람,,
"동네에서 매일 지나가다가
드디어 와보네요!!",,
후프선셋 존맛,,
진짜 맛있게 먹었어요!!,,
수박에이드 진짜 미쳤습니다ㅜㅜ,,
맛있었어요~,,
"👍🏻👍🏻👍🏻
자주자주 올께요~",,
말띠여서 여기 너무 조아용 말띠모여라,,
🐴💕,,
앞으로 자주 와야겠어요!!,,
성수 맛집 인증 👍,,
적게일하고 많이 버십쇼,,
자주 올게요~,,
롱블랙 진하고 너무 맛있어요.,,
여기 롱블랙 죽입니다,,
"강추강추:)
다음에 또 올게요",,
번창하세요!~,,
개미침....,,
진짜..ㄷㄷ,,
하지만 시즌메뉴가 특별하고 좋았어요!! ㅋㅋ,,
ㅇ그니까 그만 따라다니시길..,,
좋다니 됐다,,
카페라떼 고소하고 맛있다,,
히비스커스티 블렌딩!,,
기분전환 성수 디올카페,,
근데 한시간이라 아쉬워요,,
와 정말 별로입니다.,,
그냥 쇼핑하러 왔다 한잔 하는거면 몰라도 굳이 가지 마세요.,,
기분만 상하고 왜 유명한지 전혀 모르겠어요.,,
입구부터 고급진.,,
55분 시간제한 둔거는좀.,,
디올이면  다냐~,,
디올카페...,,
흠,,
덕분에 나름 힐링하고 왔네요^^,,
카페가 생각보다 규모가 너무 작아서 당황했어요.,,
맛은 기대한대로 정말 없어요 ㅠㅠ;;;,,
하하핫....,,
더운데 목이나 축이고 가는거죵!!!,,
대신 화장실 깨끗해서좋았어요 ㅎㅎ,,
아...,,
대박적.,,
유,,
전시보고 사진찍으러 온 느낌,,
럭셔리한 호텔 로비 한켠의 느낌.,,
테이블이 몇개 없어서 놀랐습니다.,,
정말 힐링♡ 친구가.,,
퇴사후 맘이 싱숭생숭했는데 같이 위로 많이 받았어요!!,,
뭔가,,
엄청 기대를하고간다면 좀....,,
그냥 갔다 온것에 의미를 두고....,,
리뷰씁니다,,
ᆢ,,
디올이 디올햇따아 ~~ 너무너무 예뽓따 !!,,
대신 맛은 그냥 평범합니다.,,
감사합니다^^*,,
워낙 핫플이라 가봤는데 생각보단 작았어요.,,
"그거말고도 여러가지 보고 사고 싶었는데 아쉬웠습니다,,",,
테이블은 5개?,,
근데 양이 좀 많긴해요.,,
젤라또 느낌?,,
좀 달았는데..,,
괜찮았어요 ㅎ,,
조은경험이네요~^^,,
화장실도 넘 좋다고 하네요,,
심플이즈베스트 룩 맛집,,
저희는 평일 마지막 타임에 갔더니 한산해서 좋았어요 :),,
"카페는 생각보다 여유로웠고
예상보다는 너무 작은 규모였습니다",,
화장실도 호텔식이라 좋았고 사진도 잘 나왔어요,,
사진찍기 좋아요,,
한번쯤은 가볼만한데 두번은 그닥,,
한번쯤 가볼만 합니다!,,
🤍✨,,
싱싱해보입니다,,
잘먹겠습니다!,,
당일구매듀 되서 넘 좋아요,,
달달한 음식 싫어하는 어르신들도 너무좋아하세요,,
둘이서 작은 사이즈 배부르게 먹었어요!,,
"🫠
또올게여~",,
🎂,,
부모님이 너무 좋아하셨어요!,,
무화과는 신선하고 중간에 밤무스가 또 들어가서 계속 퍼먹게 되는 맛입니다...,,
🤭🤍 다음에 기회되면 또 사러 갈게요!,,
🤍🤍 기념일용으로 딱입니당,,
재구매입니다!,,
맛있어요~,,
맛나보여요..,,
얼렁 먹고싶따~~~🥹,,
🫶🏻☺️,,
😍🥰😘,,
최고 맛있어요!,,
무화과 싱싱해요,,
🍑,,
잘먹을께요~,,
🎂✨,,
지난번에 먹었는데 맛있어서 또먹으러왔어요!!,,
기념일에는 플디죠 ^^,,
🩷 친구가 너무 좋아했어요!,,
같이 나눠먹었는데 맛도 정말 최고였어요!!!,,
귀여운 초까지 너무 귀여워서 생일엔 항상 사가요,,
너무너무 맛있어요!!,,
"과일 폭탄 비쥬얼이에요!
ㅡㅡㅡㅡㅡㅡㅡㅡㅡㅡㅡㅡㅡㅡㅡㅡㅡㅡㅡㅡ",,
너무 맛잇어서 또왔습니다,,
이번 생일도 맛있게 축하해줬습니다,,
🥳🎂,,
웨딩 촬영용으로 구매했어요!!,,
부모님 생신때 한번 더 오려구합니다!!,,
😀👍👍,,
"두번째 사는건데 그만큼 맛있습니다,, 맛 보장!!",,
너무 맛잇어요!! +,,
디자인까지 너무 귀엽습니다~,,
"하루 전에 했고
레터링도 잘 해 주셨어요.",,
추천입니다,,
영롱한 망고가 가득해서 넘 행복했어요~~,,
너무 유명한 플디!,,
맛있어요 :),,
너무맛있어용!,,
유명해서 와봣어요!!,,
맛있게 잘먹겠습니다!,,
🩷 축하케익으로 최고에용!!!,,
정말 놀랬습니다...,,
🫶🫶,,
건강을 위해 구매했어요~,,
다음에는 클래식으로 다시 먹어봐야겠어요ㅠ,,
둘이서 한판 뚝딱먹었어요!,,
진짜 최고!,,
맛있어용!!,,
추천해요!,,
#성수케이크,,
맛도 좋아요!,,
미니사면서 너무 순삭할까봐 걱정한게 무색할만큼 아무도 포크가 안가요..,,
37000원주고 이걸 사다니..,,
그냥 먹어봤던 탈기탈기 살껄..,,
후회막심이요,,
ㅠ💗,,
귀엽고..,,
코코넛 맛이 나요,,
⭐️⭐️⭐️⭐️,,
다음달에 제 생일인데 그때도 사러 오겠습니다~! ㅎㅎㅎ,,
꼭 먹어봐야합니다ㅠㅠ,,
너무 달지도 않고 맛있어요,,
코코넛을 좋아하는 편은 아닌데 맛이 강하지 않고 조화로워요,,
과일 상태도 너무 좋네요:),,
미니부터 큰 사이즈까지 구성이 다양해요~ ㅎㅎ,,
따뜻하고 좋아요,,
너무 좋아요.,,
🧤그리고 또 지인이 엄청 맛있다고 얘기 전해줬습니다,,
👍🏻 감사합니다!!,,
❣️ 급하게 필요했는데 잘 사갑니다~!~,,
!!,,
💕💕💕,,
너무 맛있어요!!!,,
가을 제철과일 무화과 특유의 성분때문에 잠시 혀가 간질간질하긴했지만 심하진 않아서 괜찮은 정도였답니당,,
☺️ (파인애플 먹었을때랑 비슷한 느낌),,
저희는 보냉백도 같이 구매해서 여기저기 돌아다니다가 숙소에 갔는데 편하기도하고 보냉 잘 돼서 괜찮았어요 !,,
이동시간 긴 분들은 보냉백 구매해서 다니시는거 추천합니당,,
생일 축하 해주고 먹느냐고 사진도 못찍었네요 ㅠㅠ,,
전원 다 맛있다고 난리였어요,,
감사합니다 :),,
두바이 처돌이라 여러 군데 먹어봤는데 플디 두바이는 카다이프 식감 제대로 살려서 진짜 강추에요!,,
"가족 모임 강추👍
다음엔 무화과도 먹어볼게요",,
👅,,
따뜻할 때 먹으니 겉은 살짝 바삭하면서 속이 촉촉하게 녹아드는 느낌이 정말 좋았습니다.,,
먹어도 먹어도 맛나요,,
이런 정도는 아니에요,,
한번쯤 사먹어볼만 합니당,,
"👍 👍 👍 
사자마자 바로 드시는 걸 추천합니다:)",,
"받자마자 따뜻할때 먹어보고
진짜 너무 당황!!",,
했었는대,,
향이 너무 좋아요!,,
그리고 무엇보다도 맛있어요!!,,
바로 먹으면 젤 맛있지만 다음날 에프에 돌려먹어도 맛있어요,,
친구랑 나랑 둘다 먹자마자 동시에 왤케 짜냐는 소리가 나왔다.,,
그리고 친구는 기름기도 너무 많다며 이게 왜 유명하냐고 물어봤는데 할말이 없었다,,
냄새에 이끌려서 먹음,,
이전에도 한 4-5번 사먹었었는데 항상 존멋이엌거든요?!,,
근데 이번엔 좀 짜구 풍미가 덜해져서 아쉬웠어,,
"오 ㅠㅠ 아직도 맛엤긴하지만,,,뭔가 예전이랑 달라졌어요 ㅠㅠ",,
너무너무 맛있음!!!!,,
4개짜리 한세트만 산게 한임… 가족들 모두 넘 맛있게 먹음,,
다음에 성수 가면 꼭 들러서 많이 살거임,,
성수동 핫플입니다!,,
강추합니다,,
😊😍👍,,
"4개세트 12,000원.",,
진심~,,
해운대점 이용했는데 성수점으로 나오네요.,,
맛있어요...,,
4개 한세트 12000원,,
"벌써 3번째 구입~ 😋냠냠
요기 올때마다 들려서 사먹네요 ㅎㅎ",,
👍 처음 먹어본 지인들도 맛있다고 하네용,,
🤣,,
오픈런이여서 금방 구매했네요..,,
만이천원짜리는 아닌듯,,
왜 사먹는지 모르겠어요,,
"저번보다 좀 더 느끼해진 느낌이었지만, 그래도 여전히 맛있어요",,
🥐🤭,,
맛나요,,
바삭 쫄깃 맛나요,,
이곳을 그냥 지나칠 수는 없다는..ㅜㅜ,,
뭔가 기분도 좀 ..,,
속은느낌? ;;,,
쓰읍..,,
3년전 영종도에서 우연히사먹었던 감동이없어요 ㅠ,,
여기는 꼭 와야죠,,
안오면 섭섭^^,,
구읍뱃터 본점가서 먹으니.,,
이것을 참고 지나가는 당신은 절제의 달인입니다,,
4개씩만 파는데 2개 묶음도 팔면 좋았을 듯 ㅠㅠ,,
맛은 괜찮았어용 !!,,
한번쯤은 먹어볼만한??,,
패키지가 넘 귀여웠어요:)💛,,
맛없… 후회했습니다,,
별로...,,
점점 맛없어지는 자연도..,,
그냥,,
따뜻할 때 먹으려구 친구들이랑 길빵함!!,,
유명.,,
아이들이 맛있다네요.,,
기대가한 만큼 맛있지는 않네요 ㅠ,,
너무 맛있어요.,,
간식으로 너무 좋아요!,,
먹었어요,,
🥐🥐🥐😉,,
"평일이라 예전처럼 많이 기다리지 않고
금방 들어갔어요~",,
"👍
4개 한세트 12,000원",,
"겉은 바삭하고 속은 촉촉
짠맛도 적당하고 맛있어요",,
그래도 뭐 맛있긴해요,,
향 마케팅도 대성공이구요!,,
"낱개는 없고 4개 묶음씩(12,000원)만 팔아요!",,
시간 지나서 먹었을땐 다시 에프에 구워드셔야해요.,,
굳이 여러봉지 살 맛은 아니구..,,
영종도 놀러갔을때 한번 먹어보기 좋은!,,
더 사올걸 하고 후회중입니다.,,
바로 먹었는데.,,
도산점이랑 다르네요.....;;;;,,
반죽맛이 나고 바삭한맛도 없고;; 실망입니다.,,
5만원어치 샀는데ㅠㅠㅠ,,
냄새 맡고 갔는데 맛있어요,,
고소하고 맛있네요,,
순삭했습니당,,
기대돼요,,
뭐지,,
다음에 성수동 가게되면 또 사먹어야겠어요,,
먹어봅니다.,,
한개면 충분하네요! ㅋ,,
갓나올때 드세요~,,
제발 드셔보세여,,
어🫢🫢🫶🏻🫶🏻,,
먹고나니 다시 생각나는맛 ?,,
주중 저녁 늦은 시간에 가니 널널해서 드디어 먹어봤습니다!,,
다음에도 또 사러 갈게요,,
너무 맛있어여,,
금방 나오는데 따끈따끈함,,
🥐🫶💛💛💛,,
너무 뜨겁지 않을때 먹으니까 죽여주네요,,
따뜻할때 먹음,,
너무 맛있아여!!,,
성수지나는길 안먹으면 서운할듯해서 한봉지..,,
평일에 한적해서 좋아요,,
🫢👍🏻,,
일요일 3시20분 경 일하시는 분 특히..,,
근처 젤라또랑 같이 먹으니 완전 꿀맛!! ㅋㅋㅋ,,
"먹돌이 음식 조합 추천 🍞🍦ㅋㅋㅋ
여기 맨날 조기 소진 하다가 한달 전인가요?! ㅋㅋㅋ",,
그동안 인정 못했는데.,,
4개인가?,,
12천원. ㅋㅋ,,
종종 사가는데 맛있어요..,,
😎,,
미쳣어,,
그냥 아주 맛이,,
담날 에프에 살짝 데워 먹어도 더 맛있어요^^,,
왜 한봉지만 샀을까 후회중 🥺,,
꿀맛🤍,,
여기도 갓나올때가 젤 맛나네여..,,
"본점에서 먹어보고 맛있어서
구매했는데 역시 맛있네요",,
2번 실패 끝에 3번째 도전해서 구매했네요,,
포장지도 컨셉츄얼해서 너무 귀엽구요-,,
갓나온거 먹으면 바삭하고 부드러워요,,
맛있어요.,,
지나갈 때마다 맛이 궁금해서 한 번 구매 해봤습니다.,,
하면서 먹었습니다.,,
진짜진짜세상맛있습니다,,
"💖
더 많이 사올걸 후회했던 맛이에요",,
또먹고싶어오,,
사서 바로 먹어야 가장 맛있지만 식어도 맛있음.,,
기다리고 구매했어요!,,
따뜻할때 드세요.,,
담백하고 맛있어요.,,
계속먹으면 약간 느끼합니다.,,
너무 장사가 잘 되지만..,,
티슈나..,,
많이 사면 담아가는 쇼핑백이라던가..,,
좀 너무 하네요..,,
맛있습니다.,,
한자리에서 다멌어요^,,
바닥부분은 크런치하고 먹는 식감이 부위마다 달라서 넘 맛있네요,,
🤤,,
"근데 
저녁에 먹어도 맛있더라구요",,
근데 1세트씩 구매해야 하는건 아쉽습니다.,,
단일메뉴지만 기본이 충실한데 너무 맛있어요,,
😋 !!!,,
지나가다 냄새 너무좋아서 사먹었는데 무조건 4개 세트만 파네요.,,
맛있어요 ㅠ,,
작아요~,,
성수 본점 말고 해운대점 다녀왔어요!,,
진짜진짜 맛나요,,
굿굿,,
무더위...,,
해운대 미포 해변열차 정류장 바로 앞이에여.,,
한봉지(4개)는 부족..,,
너무 맛있구요,,
밀가루는 못끊어ㅜ.ㅜ,,
"🤍
암튼 죤맛탱이다~~~~~~~~",,
역시 맛있어요~^^,,
맛있다고 해서 왔어요~,,
날이 더워 그런가,,
평일이라 그런가,,
맛은 괜찮긴 한데 ...,,
맛도 너무 좋아요♡♡♡,,
"#성수동빵집
#성수동소금빵
#자연도소금빵성수
#소금빵맛집추천
#부산
#영종도
#성수
#다먹어봄",,
성수가면 꼭 사야한다면서요?,,
사러왓는데 4개 세트짜리만 판매하구 잇더라구용!,,
부드러워요!,,
사자마자 바로 먹어야~ 최강으로 맛있네요!!!,,
가족들과 같이먹으려고 많이샀는데...,,
윽...,,
역시 맛있어서 놀랐어요.,,
"#오늘여기클립 #소금빵 #맛집
#성수 #핫플레이스 #강추 합니다",,
"4개가 한 셋트
12,000원 입니다~",,
하하..,,
그냥 그랬어용..,,
"갤러리아갔다가 유명하다길래 샀어요
소문대로 쫀뜩쫀득 맛나요",,
또 사러가고싶어요,,
"그래서
아니야 원래 이맛 아닌데!!",,
"내가 내일 또 사볼게 햇눈데
다음날도 실망..",,
왜 이렇게 된거죠?ㅠㅠ,,
4개씩만 팖,,
오 먹어봤네요!,,
드디어.,,
후딱 구매했습니다.,,
또 가서 먹으려고용,,
기대보다 더 맛있었어요,,
"기름이좀 많은편
풍미는 좋았어요",,
역시나 실망시키지않는 맛이네요,,
그럼에도 너무 맛있습니다,,
🥐,,
그렇게 특별한 맛은아닌듯...?,,
엄청 쫀득한데 조금기름져요 ㅠㅠ,,
👍 👍 👍,,
막 뜯어서 먹고싶었지만 너무 더워서 얼렁 왔어요,,
먹어보고 다들 너무 맛있다네요,,
제가 자연도라고 말 안하고 그냥 잘라줬는데 늠 좋아해요,,
정말 맛있어요~,,
자주 먹지만~ 또 먹고싶어요,,
유명해서 사먹어보앗어요^_^,,
먹기 바빠 사진이 없네요,,
담백하게 생각나는맛 ^^!,,
"선선한 날
야외에 앉아
책도 읽고",,
좀 짜지만 사이즈도 크고 괜찮,,
부산오면 꼭 들려요.,,
두개정도씩도 판매했으면 좋겠어요.,,
성수들르면 사먹어요.,,
드셔보고 파시는건지 모르겠네요ㅠㅠㅠ,,
빨리빨리 나와서 좋습니다,,
그닥이에요,,
기다릴 정도 아닌듯해요,,
빠삭  하고 부드러워 먹기 좋다.,,
오븐으로는 못 살리나봐요,,
갓 나온 걸 먹었다면 맛있게 먹었겠죠?,,
🥺,,
친구가 여기 맛있다고 맛보라고 하나 줬는데,,
아 ~~~,,
❣️❣️❣️,,
그래도 한 번쯤은 먹어볼만 합니다 !!,,
에프도 백프로는 못살려요,,
냄새에 이끌려 구매 ㅎㅎ,,
바로 get 해서 길빵 ~ 잇힝 ~ eating 😋,,
하루가 지나서 먹어도 넘 맛있어요,,
성수에 다시 가게 된다면 또 들리고 싶어요,,
맛있게 먹었습니다.,,
베통이랑 비교하려고 두군데에서 샀는데 더 맛나요.,,
지나가다 사먹어봤어요.,,
참새가 자기도 달라고 하길래 줬어요.,,
또 달라고 자꾸 오는 걸 보니 참새방앗간?,,
시간이 촉박해 들릴까 말까했는데 안들렸으면 어쩔뻔!!,,
진짜 꼭 드셔보세요!!!,,
산 후 몇시간 후에 먹었는데도 👍👍,,
잠깐만 손으로 잡아도 기름으로 손이 범벅 될 정도다.,,
따뜻할때 먹으니 진짜 맛났다.,,
"일하는 분들 많으신데
성수에서 저정도 커버하려면 진짜 많이 팔리긴 하나 봄!",,
또 먹고 싶다 ㅠ,,
냉동실에 소분해서 아침에 에프돌리면 천국,,
이른 시간이라 키오스크에서 결제 후 구매.,,
"다
오늘의 선택 굿~~~~~~^^",,
9시가 좀 지나서 식은 상태였지만 맛있었다.,,
그래도 나오는 시간에 맞춰가면 더 맛있음 ...!,,
👍👍👍👍👍👍,,
그냥 지나칠 수 없는 냄새에 맛도 여전히 좋아요,,
🤩 겉은 바삭하고 속은 부드러워서 입안에서 살살 녹아요,,
버터빵인거죠?,,
패키징이 독특해요.,,
해운대점에서 샀는데 성수라고 뜨네요,,
바닥은 많이 기름지면서 바삭하고 전체적으로 오일리 합니다,,
"오늘도 10분 넘게 기다렸지만, 맛있어요.",,
또기다려서 살거예요.^^,,
성수동 탐방 갔다가 예전부터 유명한거라 30분 기다렸다가 샀어요.,,
정말 맛있어요.,,
"일단 메뉴는 단일메뉴
무조건 4개 한묶음 세트를 구입해야합니다",,
꼭 구입하고 바로 드셔보시길 추천드립니다,,
👍✨,,
👍 👍 👍 👍 👍 👍 👍 👍,,
엄청 짭니다...,,
리뷰보고 갈까말까 했는데 4개에 12000원.,,
외국인들이 주로 사가더군요..,,
어느 지점이든 실망시키지않는 맛이에요,,
너무 맛있어요ㅎㅎ,,
뺑 맛있어요,,
"오
담날 에어프라이어기에 살짝돌려 먹어도 산날처럼
맛있어요",,
맛있어요ʺ̤,,
기대보다 별로였어요 ㅠㅠ,,
울 아들이 사오라고 해서 사왔는데 맛없다고 ㅠㅠ 😭 오븐에 넣어서 구워줬는데도 별로래요..,,
바로 그자리에서 먹어야 맛있을까요?,,
뭐가 잘못된건지...,,
정말 맛있어요,,
따뜻하고  고소하고 고급지고  ㅜㅜ너무 맛있어요,,
🤭,,
개인적으로는 좀 느끼했어요^^,,
늘 외국인 관광객들이 많아요,,
강추!,,
역시 자연도..,,
받자마자 바로 먹으니까 너무 맛있어요,,
다른 지점이랑 차이는 없네요.,,
정말 너무 맛있어요!,,
바로먹음,,
꿀맛,,
딱 그맛이예용~~,,
딸이너무 좋아하는데 냄새가 너무맛있어서...,,
홀리듯구매...,,
하나사긴 아쉬움이 부드럽고 고소한  단짠의맛..,,
그냥 완전 맛나요.,,
주중이라 그런가 별로 많이 안기다려요 ㅎㅎ,,
윗부분이 바삭하긴한데 그래도 너무 느끼했네요.,,
성수동에 갔으면 자연도 마망젤라또는 꼭 가시라~~~,,
#오늘여기클립,,
맛있다고 추천을 많이 받아서 성수 온김에 기다려서 먹어봤어요!!,,
갓나온게 아닌데도 맛있었어요!!,,
성수동 몇번 가면서도 이번에 처음사보았네요 ㅎㅎ,,
가끔씩 생각날때 먹어요.,,
감사합니다.,,
친구가 좋아해서 또 먹었어요,,
🤎,,
두둥,,
짜다!!!!!!!!!!!!!,,
짜!!,,
말해뭐해,,
딱 한 종류만 4개씩 팔아요.,,
간단명료해서 좋아요,,
🤤 두 세트 사왔어요 !!! ♥,,
개존맛탱..,,
93&!4&8:,,
바로사서 뜯어먹었는데 약간 기름지네요,,
말해므ㅓ해..,,
존맛존맛존맛 무조건 따뜻할때 드세여,,
기대 이상이었습니다,,
어짜피 하나 먹을 생각은 아니었어서 괜찮음,,
외국인도 엄청 많음.,,
인증샷 찍는 외국인한테 발 밟힘.,,
그만큼 맛은 인정합니다.,,
또 먹고 싶어요 ㅜㅜ,,
정말 맛있음~~,,
"비올 때 먹어서 그런 지 기름에 쩔은 맛,,,? ㅠㅜ",,
인천?!,,
지점 보다 맛이 덜 하네요...,,
한번씩 생각나요,,
맛있어요~~~♡,,
그런데 이번에 친구랑 같이 가게 돼서 드디어 구매✨,,
먹자마자 ‘이래서 난리구나’ 싶었어요.,,
"겉은 바삭, 속은 부드럽고 촉촉.",,
익선동 구경하다가 이끌려 구입했어요!,,
고소하니 맛나요,,
잘먹었습니다,,
타이밍이 좋았던듯.,,
그래서 제가 다먹음ㅎㅎㅎ,,
풍미랑 짭조름함의 정도가 퀄리티 높았어요,,
받아서 바로 먹었는데 따뜻해서 더더 맛있었어요,,
남은 건 에프에 돌려먹어도 굿굿 👏👏,,
꼬숩고 꼬들하고 아주 맛있었당,,
"압구정보다 맛이
덜한 느낌",,
다음에 보면 또 사 먹을거예요!!,,
성수동 놀러갔다,,
가족모두 너무 좋아했구요ㅎㅎ,,
맛집 맞네요,,
인정!!!,,
빵수니들 모이세여,,
🥺🥺 메뉴는 1개입니다,,
용 추천이요!!,,
🤎🤍🤎,,
더 살 걸..,,
1세트만 사온거 후회.,,
더 사올껄!!!,,
기준이 되버렸어요.,,
최고.,,
냄새가 좋아서 탄수화물중독자는 그냥 지나칠수 없었어요ㅋ,,
"4개에 12,000원 단일메뉴 입니다",,
🥖,,
굿굿~ 퐁신퐁신,,
식어도 맛있지만 따뜻할 때 먹어야해요!!,,
그치만 우리 가족은 모두 베통 승ㅎ,,
싱그럽고 감성적으로 해놓아서 굿!,,
"외국인에게도 유명한지 일본어, 중국어, 영어 다양한 언어가 들립니다.",,
냠냠,,
美味しかった！,,
맛있었어요!!,,
맛있게 잘 먹었습니다.,,
🥐👍,,
와...,,
🥹 솔직히 전 그냥 겉부터 말캉 생각했거든요?,,
이런 반전이...,,
2개 먹고 나머지는 동생 줬더니 왜 더 안 사왔냐며 혼났네요,,
🤣 다음에 가면 더 사와야겠습니다ㅎㅎ,,
하...,,
더살껄,,
바삭함이 아쉬움,,
사먹어보니 부드럽고 맛있네요,,
증말..,,
맛잇음...♡,,
진짜 맛맀어료,,
"많은 지역에
생기면 좋겠네여!",,
상세리뷰가 궁금하신 분은 하기링크 참고하세요:),,
https://m.blog.naver.com/jyp25025/223790355922,,
해운대 갈때마다 들려요,,
너무 맛있음..,,
다른 종류도 궁금해요,,
바로 먹으면 더 꿀맛♡,,
개당 3천원인데 4개 묶음으로 1인 1봉지 샀어요 !,,
바로 먹어야 최고,,
외국인 관광객이 정말 많아요,,
그것밖에 없네요,,
여기 너무 좋아요ㅠㅠ,,
자꾸 생각나여ㅠㅠㅠㅠ,,
또먹고싶다ㅠㅠ,,
🫠..,,
맛있게 먹었어요,,
최고최고!!!,,
맛있을때 못먹어서 아쉬웠어요,,
퇴근이 21시여서 그다음날 막었어요,,
"에어후라이에 데워 먹으니 별로 
바로 나올때 먹어야했는데",,
좋았어요.,,
맛나고요.,,
"😗
부모님이 좋아하셔서 퇴근 후 사갔습니다",,
맛있어서 또 사고 싶긴한데 결제 방식은 좀 불편하고..,,
보들보들한편,,
얌미하움...,,
😋💗,,
역시 original은 다르네요.,,
맛나니 꼭 가보세요~,,
자꾸생각납니다,,
냄새 레전드...,,
크기가 작은것도 좀 아쉽더라구요.,,
강추,,
료!!!!,,
하지만 안 샀음,,
담에도 꼭 사 먹으러 기야겠어요,,
유명하다고 해서 친구가  맛보라고 사주네요,,
"🙌🏻
부모님도 맛있다고 좋아하셨어요!",,
가봐야겠어요,,
냄새 정말 좋았어요,,
먹고나니 손에 온통 기름기가득ㅋㅋㅋ,,
늠늠 맛있어요~,,
맛있다는 얘기를 듣고 가봤는데 진짜 너무 맛있네요..,,
자꾸 생각나요,,
길가다 냄새에 홀려 바로 사버렸어요,,
남은 건 다음날 에어프라이기에 4분 정도 돌렸더니 바로 먹는 거랑 거의 비슷해요,,
"너무 맛있어요,,",,
"아내는 맛있다고 하는데
난 특별한 감동(?)은 없었어요",,
노무너무 맛있어요ㅠㅜ,,
좋았어요,,
굿굿 닫을 때쯤 사니 별루 안 기다렸어요,,
단백함을 추구한다면 비추..,,
🔅!!,,
🥹,,
‼️,,
"🥖
향부터 식감까지 모든게 갓벽하네요",,
"😙
이거 먹으러 성수 올 만합니다",,
인당 각1봉씩 순삭이네요,,
오래 기다릴거라는 걱정은 하지마세요.,,
단지 기름이 좀 많네요.,,
굽는게 아니라 튀기는 걸까요?,,
놀랬어요,,
개인적으로 성수점보다 연남점이 맛있어요,,
생각했습니다.,,
2개 세트도 판매해주셨으면!,,
맛있었습니다~,,
"그래도 빠르게 진행돼서
오래기다리지않았다.",,
부족한듯한...,,
"그래도
한번은 먹어볼만하다.",,
따뜻할때도 맛있지만 식어도 손색없이 맛있었던 맛!!,,
"개인적으로는 부산보다 짜더라는~
또먹고싶네요ㅜ",,
다음엔 사서 바로 먹어야지,,
"개인적으로는 느끼하다 생각하는데, 일행들은 엄~청 맛있다며 좋아하네요.",,
진짜 냄새가 그냥 참고 지나갈 수가 없어요.,,
정말 맛있습니다.,,
궁합이 딱!!,,
맛있다,,
4개에 12000원 세트가 최소 수량입니다.,,
참고하셔서 구매하세요!,,
"뜨끈뜨끈할때가 맛있고
하나씩 못사는게 조금 아쉬워요ㅜㅜ",,
하나는 그 자리에서 먹어봤는데 맛있었습니다ㅎㅎ,,
맛있고 완전 기름져서 좋아요!!,,
빠작빠작하니 맛있어요,,
그렇게 기름지지두 않고.,,
"유명하다고 해서 기다렸다 사먹어봤는데, 읭...?",,
기름기가 너무 많아서 느끼했...,,
고소하니 냠냠,,
한세트에 네개씩 묶어서 판매하니 친구들과 나눠서 구매하세요~,,
이 조금 짭짤했지만 맛있게 먹었어요!,,
너무 맛있습니다,,
다음에 또 사먹을게요,,
다음날에 먹어도 맛있지만 당일에 먹는 것이 당연히 좋네요.,,
"음,,, 글쎄,,,바로 먹어야 맛있는거겠죠,,,? ㅠ",,
구매하자마자 먹었는데 폭신폭신하니 맛있어요!!!,,
평일 오전에 가서 드뎌 구매했어요!!,,
🥹🫢💖💖,,
존맛..ㅜ,,
거래처 나누ㅜ주고 몇봉 챙겨왔는데 한봉만 사면 아쉬운맛입니다 .. ㅜ,,
두봉지 살걸 그랬어요,,
맛있습니당,,
막 무지 맛있다,,
정도는 아니지만 가끔 생각은 날듯~~,,
🥲🥲,,
"매번 지나가다 냄새에 홀렸는데,
오늘 처음 사먹어봤어요!",,
"사온 당일에 먹지 못했는데
다음날 먹어도 짱 맛!!",,
맛있게 잘 먹었습니다 :),,
그래도 맛있어욧,,
여기 그냥 무조건  맛있어요!!!!,,
늘 정말 존맛입니다..,,
"👍🏻
엄마도 너무 좋아하세용",,
나왔을때 바로 먹으니까 진짜 맛있구 식어도 맛있어용,,
진짜 맛있음,,
에어프라이어 돌려 먹으면 넘 맛나요,,
사실 기대안하고 샀는데 증맬루 맛있었습니다,,
담에 성수가면 또 사려고요!,,
말해뭐해요!,,
"🎁🥐
간이 좋다고 하네용",,
받자마자 갓구운거 먹는게 제일 맛있지만 다음날 먹어도 맛있는…🤍🤍🤍,,
너무 맛있습니다!,,
"언제나 맛있는 자연도✨️
우연히 팝업에서 먹어보고 늘 사게되요",,
병원가는길에 들렸어요,,
2개씩도 팔아주셨으면합니다,,
담에 또 먹고싶어요,,
버로 먹음,,
가게에서 성수동에 청소비 내셔야 할듯,,
입소문때문에 샀지만 4개씩이나 사야되는게 불편해요,,
얌미하움 ~ !,,
맛있고 좋아요,,
살짝 느끼하지만 맛있어요,,
두말 필요없음.,,
4개에 12000원 1묶음 판매만 하니.,,
선택지없음.,,
먹어보면..,,
음..,,
넘 맛있더라구요~~~,,
!~!,,
!,,
남는거없이 딱 2개만 먹어보고 싶었는데 4개 1봉지 셋트밖에 없어서 아쉬워요.,,
"4개 한세트 12,000원
넘 맛있어요!!!",,
구매 후 다음날 먹어도 맛있네요ㅎㅎ,,
을왕리에서 처음 먹고 반했는데..,,
식어도 맛있고 오븐에 살짝 구워먹어도 넘 맛있어요,,
🥹🥹🥹🥹🥹,,
슴슴하니 맛좋아요,,
맛은 아직,,
사서 바로 4개 순삭~,,
먹어봤습니다,,
⭐️⭐️⭐️,,
바로 먹어야 맛나요,,
너무 맛있었습니다!,,
"한세트 4개 12,000원 구매했어요!",,
친구가 먹어보고 존맛탱이라고 고맙다고 하더군요,,
"헤헤
담에도 또 기다려서 먹을겁니댜~~~",,
"12000원
2세트무조건사시길!!",,
많이 기름지긴 하나 한번쯤 먹을만 해요,,
타이밍이좋았나봅니다,,
받자마자 시식 미쳧다,,
진짜 맛나요~~~~~,,
"4개 1세트 12000원 
담백하고 맛있어요!",,
외국인들이 더 많아요 ㅎㅎ,,
따듯하게 데워먹어야 아주 맛있을듯,,
따뜻할 때 식었을 때 모두 맛있어요,,
오랜만에 먹었는데 맛도 그대로 인기도 그대로네요,,
역시 맛있네요,,
오전에 많이 안기다리구,,
진짜 냄새는 너무 좋아요,,
홀린듯이 서게됩니닿ㅎㅎ,,
너무 맛있었어요...,,
최고...,,
구입 후에 바로 먹었을땐 배불러서 그런가,,
"그냥 그랬는데 
다음날 아침 식은 상태에서 먹었는데 풍미가 장난 아니네요",,
맛있어요~~!,,
참고하세요! ㅎㅎ,,
역시 맛 좋네요^^,,
토요일 11시30분구입했음.,,
바로 그자리에서 하나먹었으나 따뜻함없었음..,,
영종도 자연도가 더 향과 맛이 강함,,
방금 구워져나와서 따끈해서 맛있었어요,,
지인분께서 추천해주셨는데 진짜 맛있었어요,,
광주에도 오픈해주세요,,
역시는 역시,,
딱 한개까지가 좋고 두개 먹으면 좀 느끼할 수도,,
너무 너무 너무 맛있었어요.,,
세 세트 살걸..,,
진짜 맛있어요!!,,
한입 먹어보면 바로 느껴져요.,,
첨 구매해보는데..,,
"했는데
더 못 사온게 아쉽다!",,
따뜻하고 냄새가 길가다가구입하게 이끌어요,,
근데 ㄹㅇ 맛있더라...,,
자연도자연도하는 이유가 잇는듯,,
별로입니다,,
낱개판매가 안되서 매우 불편함,,
금방 나온 따끈한 것을 먹어봤습니다.,,
언제먹어도 너무 맛있어요!,,
일부러 그러나?..,,
성수가면 여기 무조건 가세요!!!!,,
🥐 저녁 8시반쯤 갔는데 15-20분 밖에 안 걸렸어요!,,
인정~~♡,,
한번쯤.,,
냄새 맡으면 그냥 못 지나치죠~,,
애들이 정말 좋아해요^^,,
너무 짜지 않아 좋았어요,,
맛나요!!,,
전자랜지에 10초 데워 먹으니 딱 좋아요^^,,
너무 기대하고 드시진 마시길,,
성수동 가면 또 사와야할듯요 ㅎㅎㅎㅎ,,
개당 3천원이에요!,,
저는 너무 실망했어요ㅠㅠ,,
바닥빼고 겉은 촉촉하기 때문!,,
한 자리에서 4개 순삭했다;,,
우연히 지나가다가 구매했어요,,
바로 구매했습니다,,
바로 먹어도 맛나고 하루 지나서 먹었는데도 맛마더라구요,,
맛 나요,,
자꾸 생각나는 맛,,
다른 지점 가세요.,,
바로 먹으면 진심 대존맛!!!!,,
😋😋😋 남은건 얼려뒀다가 에어프라이 돌려드세용,,
따끈할 때 먹으면 더 맛날듯 ㅠㅠ,,
컨셉을 진짜 잘 잡은 듯 합니다,,
기름지고 짭조롬하고 완전 맛있어요,,
뭐랑 맛이 비슷한가 했는데...,,
🥐🥐🥐,,
한번쯤 먹어보면 될듯,,
엄마가 좋아해서 꼭 사가요,,
유명하다고 해서 들러봤는데 맛있네요.,,
번창하세요,,
🤑,,
짭쪼름히ㅡ니 마싯서용,,
풍미가 좋네요.,,
"영종도 본점에서 처음 먹어보고
친구한테도 소개해주고 싶어서 사먹음
역시 맛있다",,
바삭바삭한 느낌?,,
바다 수영 가기 전에 사서 가면 간식으로 따봉입니다,,
"마싯어여
구매하자마자 하나 꺼내서 길빵햇어여",,
바로 먹었음,,
더 맛있었을텐데!!,,
잘다녀왓어요,,
한 세트에 4개가 기본입니다.,,
당일날 안 먹으면 에어프라이어에 3분 정도 돌려 먹으니 겉면이 완전 바삭해지고 맛있었습니다!!,,
👍🏻!!,,
밑에가 완전 빠작빠작,,
제가 갔을 땐 4개 세트?,,
원래 그런 건진 모르겠지만...,,
🍼 🩵,,
"This is hot place in Seongsu Street, an young and lively place with many restaurants, cafes and pop up stores.
Its head quarter is in Yeongjongdo  but its Seongsu branch is also popular.
It has long waiting line, so if in weekends or Friday evening, you have to think at least 20-30 minutes to wait.
The bread is delectable, tasty salty and soft inside with good flavors.
It is the one worth waiting.",,
참고해주세요:),,
"🥲
감사합니다.",,
🫡,,
크기도 큰편이라 간단한 식사대용으로 먹어도 좋겠더라구요:),,
바삭바삭해서 밥먹고도 두개나 먹었어요,,
예전엔 더 맛잇엇으,,
먹어보세요 ㅎ,,
아 동네와서 파는거 보니까 2500원이네요,,
벌써 세번째 구매중이에요!!!,,
그리 특이한건모르고 먹었어요^^;;;,,
4개 12000원 참고하세요,,
일본에서 먹었던 것보다 맛있어요.,,
패키지가 너무 귀엽긴 하더라구요.,,
혼자 구매하는 분들이나 외국인도 많던데,,
고찰이 필요해 보입니다.,,
🥹❤️,,
"기다리기 힘듦..,",,
엄청오래기다리는맛인지는?!,,
기다릴만해요!,,
자연도 최고♥️,,
결따라 바삭하게 찢어지는 겉면과 부드러운 내면이 아름다운 맛.,,
끙...,,
맛나유,,
옹🥐🥐,,
🥹🩷 또 사먹으러 가려구요!,,
완전 강추입니다!,,
말해뭐해..,,
존맛탱❤️,,
가족들이 다 맛있다고 하네요,,
"단일 메뉴라 시간이 오래 걸릴게ㅡ없는데..
ㅋㅋㅋ",,
"😋 
따뜻할때 바로 먹으면 최고😘",,
드디어 먹어보네요.,,
맛있게 잘 먹었습니다,,
맛이예요,,
근처 가면 꼭 사가는 짱맛집😋,,
그리고 저는 밑바닥이 크리스피한 맛을 좋아하는데 생각보다 덜 바삭한 느낌이었습니다.,,
잘 먹었습니다~,,
제 기준에서는 맛있었어요.,,
다음에 또 가게 되면 사먹을 예정입니다.,,
짭잘하니 맛있어요,,
크기도 크고 맛있더라구요!,,
바로 먹어도 맛있고!,,
6시간 뒤에 먹어도 맛있고!!!!,,
하루가 지난 오늘 먹어도 맛있네요..,,
그래서 또 샀어요,,
바삿하고 부드러운건 기본이고 길 지나갈때 고소한 냄새나면 바로 사면!!!,,
벌써 몇 번째인지..,,
너무 맛있어요 ♥,,
도산점은 한산했어요.,,
맛있었고..,,
양도 많았는데..,,
아주 부드럽구요,,
성수 갈 땐 자연도는 선택이 아닌..,,
필수..,,
종이봉투는 이렇게 접으시면 되요 ^^,,
하나만 먹고 멈출수 없는 맛!,,
한입 먹자마자 감탄이 절로 나와요....,,
넘나 짱맛...,,
성수가면 꼭 먹기!!!!,,
🩷🍀🩷 막 나왔을때가 아무래도 맛나긴한데..,,
네개 세트라 한개를 못사는게 처음에는 당황스러웠는데..,,
이 맛은 네개 순삭이에용!!!!,,
🤭🩷🩷,,
"지난주 먹고 너무 맛있어서
오늘은 3봉지 사러 또 옴 ♥",,
키오스크에서 고민할 시간을 주면 좋겠네요,,
비오는날.,,
맛있어,,
(거기가 없어졌거든요ㅠ),,
한개씩 구매 어려워서 아쉬웠어요ㅠ,,
그치만 넘 마싯ㅠㅜ,,
진짜 맛있어요 ♥,,
부드럽고 촉촉하다..,,
한팩이 묶어서 판매하는듯..,,
처음 사먹었을 언젠가보다  어느순간부터 사먹을때마다 계속 타내요  ...,,
성수점 제빵사님이 바꼈나요?,,
맛도 좀 다르고...  (여전히  맛있긴하지만),,
여름이라 이런가요?,,
이번에 산건 다  너무 타서 좀 실망입니다 ...,,
맛있다고 해서 기대를 한 탓인지..,,
라는 생각을 했다.,,
생각보다 훨씬 더 짭쪼름 하댜,,
또 먹고 싶어요ㅠㅠㅠ,,
말해 뭐합니까~,,
떠나가려는 순간에도 나를 생각했었던 것이다.,,
"사라지게는  하면서, 되돌리는 기능은 없는 마술사",,
폭신하고 부드럽고 촉촉해요,,
그치만 무엇보다 맛으로 최고예요,,
안드셔 보셨다면 어서 사세요,,
"4개 12,000원..",,
"인데
특별함을 느끼진 못했어요;;",,
성수 가면 가봐야지 했는데 드디어 가보네요!,,
성수가면 또 구매하려구요!✨,,
3개만구매하고싶었는데....,,
4개가 한세트라..,,
가볍게 맛있어요,,
넘 기름맛...,,
너무 짜요 ㅠㅠ,,
늘 맛있어요!,,
맛이 정말 역시 맛있네요~,,
강추합니다.,,
받자마자 뜯어서 먹었는데 맛있었어요,,
게다가 앞에분도 어른분이였는데 결재 못했다고 하니까 그 자리에서ㅠ바로 결재 해주기도 하더라구요!!,,
개존맛까진 아니고 맛있어요!,,
아~~,,
왕맛나용 ㅠㅠ,,
시간 지난 뒤에 먹어도 쫄깃하고 맛있었어요.,,
시간지나 식어도 맛나더라구요,,
그날그날 맛이 조금씩 달라서 아쉽네요.,,
영종도점에.,,
방금 만들어진거 먹으면 정말 꼬소할듯..,,
시간이 좀 지나서 먹었는데 그래도 맛있어요,,
여러개 순삭.....,,
[ 맛 ],,
개당 3000원이죠,,
근데 맛있어요 ㅎ...,,
기다린만큼 맛으로 보상받은 성수동 핫플.,,
기다리던 일본인 손님과도 대화도 나누고 좋았어요.,,
맛집인정.,,
짠맛 보다는 기름지고 고소하고 느끼함이 주로 느껴집니다.,,
"그래서 식당이나 팝업, 베이커리는 주로 주중에 가게 되네요.",,
gooood,,
이렇게 핫플인지 몰랐네요 ㅋㅋ,,
끝맛이 매력적임,,
너무너무 맛있잖아요.,,
자연도!!,,
💕 최고👍,,
딱 상상되는그맛이죠,,
고생많으십니다..,,
진짜 쫀맛,,
".
#새하루에감사 #일용할양식에감사",,
많이 버터리~~ 해요,,
약간 기름지고 짭쪼롬하니 괜찮았던 맛이에요,,
너무 맛잇어서 자주 와서 사게되요.,,
제 취향은 아니었어요…..,,
따끈할땨 먹으면 더 맛있잖아요,,
💖💖,,
오픈런 해서 먹고 반해서 몇번이고 가는 중이에요,,
아이도 너무 잘먹어서 좋네요,,
부드럽고 정말 맛있네요^^,,
주변에 볼거리도 많아,,
좀 많이 별루네요..,,
맛도..,,
배고팠는데도 맛있지가 않다니..,,
암튼 오늘은 실망하고 갑니다,,
와 이거 진짜 진짜 너무너무너무너무 맛있어요 ㅠㅠ,,
순삭💛,,
4개세트만 팔아서 아쉬웠어요.,,
장사속이 너무 보여서  많이 그랬어요.,,
막!!!,,
그래도 맛있게 잘 먹었습니다^^,,
맛이 없지는 않았지만 저에게는 기름기가 많다고 느껴졌습니다.,,
굿,,
4개에 12000원으로 팔아요~,,
먹어보니 진짜 뭔가,,
너무 순환이 되서 좋었어여,,
⭐️ 담에 또 먹으러 가야겠어용,,
대부분 외국손님들.,,
드디어 나도 먹어보았다.,,
앗..,,
왠열..,,
맛은..,,
맛나다..,,
따듯할때 드세요~,,
이거 먹으러 성수 매일 가고 싶지만 경기도러에게는 너무 먼 성수..,,
혹시 동탄..,,
에는 안 생기나요..,,
제가 차릴까요...,,
명성에 비한 엄청난 맛은 아니었다,,
하면 사시면될듯함 ㅎㅎ,,
최소 4개씩 사야하고 한세트당 12000원입니다,,
이전에는 따끈할때 받아서 너무 맛있었는데 이번에는 따끈하진 않아서 그맛은 안나네요ㅜ,,
에어프라이기 돌리면 살아나니깐 그렇게 해먹어야겠어요,,
😆👍,,
1세트 (4개 12000원) 먹었습니다,,
입에 들어갔을때 기름낀 느낌(?),,
행복했어요,,
두개 순삭..,,
넘 맛있어서 길거리에서 뜯어먹었어요ㅠㅠ,,
😄😄,,
성수에 놀러갔다가 보이길래 그냥 삿어요~,,
별 생각없이 샀는데 너무 맛있어서...,,
그자리에서 두개나 순삭했어요...ㅋㅋㅋㅋㅋ,,
😁👍,,
저번에먹고맛있어서또왔어요,,
여기,,
맛있긴 한데 최소4개 12000원으로 구매해야하는게 안좋네요,,
친구가 추천해서 샀어요,,
오전 11시 조금 넘은 시간에는 바로 구매가 됐어요,,
기다려서 사먹을 만한 맛이에요,,
식어도 바닥이 바삭하고 맛있어요!!,,
근데 매우 맛있긴 합니다 ~,,
와 라는 소리밖에 안 나와요,,
진짜 맛 미쳤네요,,
성수동에서 보다니 반가웠어요!!,,
받자마자 길에서 맛보는데 와우!!,,
넘 맛나네요!!!,,
맛있었습니다.,,
따뜻할때 먹어야 되는군요!,,
😭😭😭,,
맛잇어요,,
먼 길 온 친구에게 들려보내기 딱인 아이템 ㅎㅎ,,
정말 맛있었어요,,
크기도 작지 않고요,,
6시즈음에 도착했는데..,,
약 7분 정도??,,
정말 부드럽고 고소하고 건강한 맛이에요.,,
가족들이 너무 맛있다고 합니다. ^^,,
이거 먹으러 성수 가는 정도입니다,,
오래오래 장사해주세요,,
그 명성답게 고소하고 짭조름한 맛이 일품이네요!,,
기대를 너무 많이 했나봐용~,,
성수 갈때마다 믿고 묵는 씸@,,
심지어 4개씩단위만 구매되고.,,
맛있숴요,,
맛있어요~!,,
그저 그랬어요,,
담엔 8개 사가야지,,
이번ㄴㄴ 식어서 지난번보다는 별루,,
4개 세트 단위라 구매 수량 결정도 쉽네요.,,
비 오는 날이고 저녁시간에 가서 5분?,,
정도 기다렸습니다.,,
🟢담백해요!,,
믿고 먹는 자연도,,
혼자먹기에는 4개는 많은데 4개씩만 팔아서 아쉽네요.,,
두개씩 팔면 좋을텐데,,
조금 짭니다..!,,
그치만 맛있습니다,,
오랜만에 성수와서 핫플들렸다 갑니다!,,
너무 맛있어서 일주일만에 또 먹으러 왔어요,,
타이밍좋게 오래기다리지않고 먹었어요~,,
달달하니 맛나요~~,,
뜨끈뜨끈하니 너무 맛있어요!!,,
역시나 순삭각.,,
다먹은 아쉬움에 또 달려가 사고 싶어요.,,
받자마자 먹어야 가장 맛있네용,,
너무맛있어요~,,
드세요~~,,
전 왜이렇게 맛이 자극적이고 짭아요...,,
사봤습니다..,,
결론은..,,
읭;; 이었어요..,,
제가 먹은 날만 그랬길 바라봅니다.,,
유의사항 지키면 호구되는 거임.,,
던져서 돌려주고 환불받을 걸 후회만 남은 소비~,,
급 서울볼일보러 가는길 근처 맛집 검색시작 너무 일찍도착해 아침먹으러 먼저갔다,,
외국인도 많고 맛있는지 뜨끈한거 바로 드시는분도 많다,,
덕분에 뒤에 일본모녀랑 쬐끔 수다떨고 일본어를 까먹어 아쉬웠다,,
성수가심 한번 맛봐요,,
맛있으니까요 ㅋㅋㅋㅋ,,
지나가다가 냄새에 홀려 구매했어요.,,
와 미쳤다!,,
지난주 사서 먹어보고 맛있어서 또 왔어요.,,
다음날 먹어도  바삭 촉촉하고 맛있어요.,,
근데 너무 기름져요,,
이 정도 기다려야 할 맛인가??,,
좐맛탱..,,
사실 너무 맛있었어요.,,
싶었는데 먹을 수록 점점 마싯어서 신기했어요,,
따뜻할 때 바로 먹으면 진짜 맛있어요!!,,
맛있어서 또 구매하러 왔어요~,,
딸이랑  순삭했네요.,,
부드러운 편,,
담백하고 확실히 맛있었습니다.,,
성수 올 때마다 들리는데,,
근데 진짜 넘 맛있어용,,
단품으로도 판매했으면 좋겠습니다,,
https://m.blog.naver.com/apple0621/223399779344,,
너무 맛있어요 … 밑에가 아주 바삭하고 기름 좔좔이에용,,
또 먹고시퍼요^ㅇ^,,
비오는날이라 그랬을까요?ㅋ,,
맛나더라구요~^^,,
예전부터 꼭 와보고 싶었어요!,,
말이 필요 없다,,
다음날 먹어도 부드럽고 고소해요,,
👐🏻역시 마싯다,,
🫶🏻이번엔 🥖 🤳🏼#소금빵 도찰칵 #겉바속촉,,
너무 고소햐 냄새 때문에 기다리는 시간이 너무 힘들어요.,,
야,,
갓 나온...,,
🙂‍↔️,,
사자마자 바로 먹아야지 진리임다,,
한 번 맛보면 못잊어요 ㅋㅋㅋ,,
4세트나 구매해버렸네요,,
진짜 맛있어요,,
진짜 단단히 도른 미친넘이에요ㅜ,,
완전....,,
"맛잇어용,,,",,
"라는 맛
짭쪼롬과 꼬소 두박자가 잘 맞네요!!",,
바삭하고 부드럽습니다.,,
막 최고다,,
매번 영수증 깜빡했는데 드디어!!!!,,
성수갈때마다 챙겨가는편인데 사가지구 맛있게 먹었습니다,,
씹는 맛이 조금 더 나서 그런가 ㅎㅎ,,
지나가다가 친구랑 한세트씩 사서 왔습니다.,,
차갑게 먹었을 때도 괜찮았는데 살짝 구워 따뜻하게 먹으면 얼마나 맛있을까~//,,
맛있어욥,,
진짜 ..,,
바로 먹으니까 맛있긴 하더라구요!,,
납작해져요~,,
근데 환풍구 각도가..,,
연기랑..,,
냄새가 장난아니네요..,,
최선일까요ㅜ,,
냄새 미쳐써요,,
빨리 먹고싶어용,,
성수핫플 따뜻할때 먹으면 더 맛있음,,
한번쯤 가보시는 거 추천드립니다.,,
압구정이 더 맛있어요..,,
눅눅한 느낌이 나서..,,
아쉬움,,
Classic is the best,,
기름지긴한데 맛있어요.,,
무조건 4개 1세트 1만 2천원 구매해야해요.,,
냄새에 이끌려서 구매했어요~~,,
그래도 생각했던 것 보다 덜 기다려서 다행이였어요!,,
메뉴는 한 가지!,,
전 기다린 게 아쉽지 않게 5세트 샀어요,,
남자친구도 정말 맛있게 먹구요,,
🤓,,
갓구워서 맛있어요,,
소문의 자연도 영접...!,,
"부드럽게 고소하고 짠맛과 어우러져서
계속 손이가는 맛이에요~♡",,
첨이라 헤맸네요^^;;,,
귀여운 모자는 저도 써보고 싶더라구요^^;;,,
맛있게 잘 먹었습니다♡,,
다음에 성수동 가면 또 사올거에요~,,
맛도 넘쳐요 !!,,
맛있네요 ㅎㅎ!!,,
진짜 너무너무 맛있습니다,,
"🥹
갓나온게 제일 맛있고
하루 지나서 먹게 된다면 전자레인지 살짝 돌려 먹어보세요",,
👍👍👍👍👍👍👍,,
"버텅향이 가득, 입안 풍미도 가득!",,
"4개 구성 세트 12,000원으로 시작합니다.",,
낱개 구매는 안됩니다.,,
드디어 !!,,
하루지나서 먹어도 맛있네요,,
고소하고 또 고소하고 고소해요,,
그리고 몇개 살지 고민하지 마세요,,
확실히 4개 1인분 맞네요,,
첨 먹어보는 맛이예요~~,,
맛있습니다~^^,,
다음에도 구입 찜~,,
나오자마자 먹으면 맛있음,,
여러 개 사길 잘했다 생각했어요!,,
어이없었음,,
기대만큼 맛있었어요.,,
지이이인짜 너무너무 맛있었어요,,
앞으로도 자주 사먹으려구요:),,
또 먹고 싶어요,,
"바로 먹으려고 길거리에서 잠시 멈추고 먹었는데
너무 맛있더라구요..",,
서울..,,
좋다..,,
또 서울 가고싶다..ㅋㅋ,,
대박이에요!!!,,
또 생각나면 사먹을 겁니다!!,,
"1세트에 4개 12,000원!",,
생각보다 기대 이하였어요. ㅜㅜ,,
근데 개인적으로 제 기대보단 쏘쏘햇어요.,,
기다려여,,
하지만 개맛도리ㅠㅜ,,
약간 식었는데도 맛있었어요~~,,
성수 핫플이네요~,,
굿!!,,
다음날 먹어도 맛있더라구요,,
핫플이라는 이야기를 듣고 다녀왔습니다.,,
강추입니다,,
이러고 존재감 엄청나요,,
😉,,
저는 아직 못 먹어봤는데 가족들이 맛있다고 되게 좋아했어요,,
"🥹
한세트 두세트씩 꼭 드세오,,",,
식었을 때 먹어도 맛있어요,,
근데..,,
4개 한팩에 12000 원.,,
다들 몇세트 사가시든데..,,
한봉만샀어요.,,
9시 12시반 2시 3시반 5시 6시반..,,
저는 6시반 득템..,,
시간 맞춰야지 아님 오래기다려요.,,
꼭 들러보세요,,
저는 사놓고 다음날 먹었는데 존맛이었어서 감동받아버렸어요,,
"넘흐
맛나요",,
최고◡̈♥,,
정말 맛있어요 ㅠㅁㅠ,,
담에 근처가면 또또 살거에요 <~!!!!!,,
기대 이하였습니다,,
두개반 세개먹으면 딱 적당함 ..,,
쵸큼 느끼느끼,,
진짜 완전 맛있음.,,
다른 말 필요없고 그냥 꼭 먹어야 함.,,
1세트만 사 온 것을 순간 후회함...,,
리뷰 쓰는 지금도 또 먹고 싶네요,,
"유튜브에도 나오고 그래서 궁금해서 사먹으러 갔는데 
평일이라 그런가",,
에어프라이기에 돌려서 드세요!!,,
진심 미쳤어요,,
심하네요,,
진짜 너무 맛있어요!!!!,,
"그게 그거지라는 생각을 했던
제가 후회 스러웠어요!",,
"그냥 먹어도 맛있고
식어도 맛있고
드세요",,
제발 ㅎㅎ,,
오늘도 잘 먹었습니다~,,
4개에 1세트 12000원으로 구매했습니다.,,
최곱니당,,
맛이  끝내주더군요~,,
https://m.blog.naver.com/sun923900/223356395465,,
근데 하루 지나기 전에 다먹긴 해요..ㅋ,,
배는 부르지만 그냥 지나칠 수 없어서 바로 샀어요,,
4개 12000원 .,,
마케팅이 전부다!,,
기개되는가게,,
진짜 맛있네요 ㅠㅠ,,
사서 바로 먹으세용!,,
1. 먹고 갈 수 없음,,
재구매 의사 없음,,
말이 필요없어요,,
일단 보이면 사야해요!!!!,,
이런 소굼빵 첨 먹어봤습니다..,,
근데 자연도는 겉 빠쌱 속 춱춱 이런 너낌.....,,
전 더 맛있는듯!!,,
"맛있어요, 특별해요^^;",,
성수동 또 가면 들리고 싶네요,,
제발 하나씩만 파세요,,
본점에 비해 별로 였어요..,,
영종도가면 늘 사왔었는데 성수에도 생겨서 너무 좋아요!!!,,
철저한 분업?,,
좋습니다.,,
⭐️,,
나들이 갔다가 유명하대서 사봤어요,,
좀 더 사올껄.,,
놀러갔다가 유명하다고 해서 사왔어요!!,,
진짜 너무 맛있더라구요,,
1개 이상은 먹기 힘들긴합니다,,
이제 보일때마다 사먹으려구요!,,
냄새도 맛도 최곱니다,,
"정말,,,",,
근무중 핸드폰 사용하는거야,,
환불할까 하다가 영수증 리뷰라도 남겨야겠다 싶어서 사들고 들어왔어요.,,
얌미하움~☆,,
다만 낱개 구입 불가 이건 좀 별로네요.,,
"바사삭 바사삭
버터리 버터리
👍🏻👍🏻👍🏻👍🏻",,
다른 지점에서 맛있게 먹어서 구매해봤어요.,,
근데 차가운데도 맛있으면 진짜 인정.,,
벌써 3번째 구매!!,,
"역시 자연도,,존맛",,
4개에 12000원 입니다~,,
진짜 맛있어요!!!,,
두번째구입해서 먹었는데 역시 맛있네요.,,
저는 성수에서 먹고 그 다음 날 도산점을 들려 또 샀답니다,,
✌️,,
구매 직후 바로 먹거나 그 이후라면 에프에 살짝 돌려 먹어야 맛있어요,,
입안가득 풍미가 정말 좋아요~~,,
맛있어융〰️,,
소문이 그냥 나는게 아니네요^^,,
고민할 필요도 없는 단일 메뉴라 전문성이 느껴져서 좋았어요~,,
바삭한데 저는 조금 기름지더라구요!,,
또 갈께요,,
을왕리에서 처음 먹어보고 자연도보이면 자연스레 돌격ㅎㅎ 🤍💖 을왕리에서 정말 맛있게 먹었어용 !!,,
성수점도 맛있네용 !!,,
서울에 많이 생겨서 넘 좋아용 !!,,
👍🏻🩷,,
💗💗 냄새도 좋고,,
에어프라이어에 돌려먹어도 짱짱 맛있움!!,,
그래서 더 설렜습니당,,
4명이 하나씩 먹었는데..,,
다들..,,
흠~~,,
한세트 샀다가 바로 다 먹어서 후회했어요 ㅠㅠ,,
자주 먹고싶어요,,
4개씩 묶어서만 팔구요,,
따뜻하지 않았습니다,,
자연도 너무 유명해서 가야지,,
"가야지 하다가 이제왔는데
제가 좋아하는 식감이라 저는 맛있게먹었어요!",,
최고예오 🫶🏻,,
입안에서 녹네요,,
고소하며 바삭 쫄깃!!!!,,
유명하길래 먹어봤습니다 !,,
5시꺼?,,
10분정도 소요됨,,
정말 맛있어요..,,
역시나 언제 먹어도 맛있어요!!,,
윤기 좔좔~~~~ 맛있어요!!,,
아침에일찍가서샀어요,,
참맛있네요,,
"맛있긴 한데, 특별하진 않았어요.",,
단짠단짠 하고  속이  촉촉함.,,
성수동 가면  꼭 사온다는...,,
늦은 시간까지 하네요~,,
맛있어요!!!!,,
식어도 폭신하니 부드러웠는데 저한테는 조금 짰어요,,
😭 맛이 매우 아쉽더라고요 ~~,,
많이 아쉬웠습니다,,
😂 리뷰 보니 다덜 맛있다고 하시는데 제 입맛에는 안맞네요 ㅠㅠ,,
매번 맛있게 먹고가요 :) 진짜 진짜 맛나요,,
맛있어요..,,
짱!,,
맛은...,,
많이 가벼운맛이예요,,
저는 진짜 극호..,,
"❤️
안에는 촉촉하고 겉에는 바사삭..",,
한참 기다려서 샀는데 후회 없구요,,
아껴먹으려고 하나 냉장고에 남겨놨는데 누가 홀랑 먹어버려서 싸울뻔..,,
"4개 구입하자마자 바로 입으로순삭,,🥲🩵 바로 나왔을 때 먹는게 젤마싯는듯 ㅠㅠ 자꾸 생각나는 맛이에용",,
또먹구싶댜,,
😁👍🏻❤️‍🔥,,
😛😚,,
🥺🥺👍🏼👍🏻😬👍🏻,,
"진짜 한입 먹기 한다는 것이
한 박스 4개 다 먹었다",,
😵‍💫😵‍💫,,
눈이 빙글 빙글 맛있다.,,
"🤭🤭 
호다닥 댕겨 오시어요.",,
🥸🥸,,
인생 소끔빵,,
"- 쫠깃 쫠깃 하면서 
달달하면서 짭짭하니 
#존맛#디저트#소금빵#성수#뚝섬#빵",,
한번은 먹어볼 만 하지만 우와 하는 맛은 아니에요,,
맛있어뇨,,
또 먹고시퍼요,,
폭신하고 맛있었습니다~!,,
큰일났어요..,,
😋바싹하고 풍미가 좡난아니네요,,
맛있게 먹었어요.,,
미쳤습니다ㅠ,,
세상 맛도리 진짜 또 가야겠어요..,,
회사 근처니까 나도 담에 사먹어야지ㅠㅠ,,
했는데 계속 생각나고 다른데랑 비교했을때 정말 맛있어요~,,
너무 맛있네요!,,
남은건 에프에 구워먹었는데 변함없이 맛있네용,,
와 너무 짭쪼름하고 부드럽고 맛있어용!!!,,
부ㅜㅜㅜㅜㅜㅜ 길빵함,,
따끈한거 아니구 식은거라 아쉬웠어용ㅠㅠ!,,
그냥그저그래요!,,
🥐!!,,
※,,
진짜 미친맛이예요ㅎㅎ,,
냉동했다가 에프에 구워먹어도 존맛임,,
"지나가다 냄샤에 이끌려서 구매
다담날 먹어도 에프에 살짝돌렷더니 방금 내온거처럼 맛잇네여",,
ㅋㅋㅋㅋ진짜 찐으로맛있으니까 길가다 보이시면 무조건 사시는거 추천드리고싶어요,,
좋아요~^^,,
다시 먹어도 맛있습니다,,
카운터 고양이 저번엔 뒷태만 보다가 앞태봐서 또 찍었어요ㅎㅎㅎ,,
🧡,,
진짜..,,
너무 맛있어요~,,
리뷰쓰는 이 순간에도 또 먹고싶어짐…,,
지나가다 보이시면 무조건 사세요,,
다시와도 또 맛있었어요,,
"식었어도 그 꼬소한 향과 맛이 그대로 여서 오히려 식었다가 데워먹는게 더 맛있었던,,,!",,
순간의 유혹만 잘 견디면 굳이 안 먹어도 될 듯해요,,
그래가지고 ㅜㅜ 그래도 맛있게 먹었어요,,
20분 기다렸는데 기다리는동안 친구랑 얘기도 하고 좋은 시간이었어요,,
또 가고싶네요,,
너무 맛나요,,
담백하니,,
지인도 넘 맛있다고 좋아하더라고요,,
짱 맛있네요,,
겉이 바삭보다는 약간 단단한 느낌이라 가루가 떨어지는 게 아니라서 너무 좋았어요,,
리뷰에 쏘쏘하다는 말이 많았지만 저는 개인적으로 너무 맛있게 먹었어요~,,
매일 지나갈적마다 포장지가 너무 독특🫶🏻해서 눈길이 자주 갓거니와 고소한 #버터향에 취해다녓는데(?,,
"생각보다 많이 안 기다렸구요
에프에 살짝 돌려 먹으면 극락 갑니다",,
100가지 재료 테스트와 1000번의 구움,,
"오전 9시, 오후 12시 반, 오후 2시, 오후 3시 반, 오후 5시, 오후 6시 반.",,
아무래도 이 시간 맞춰 먹는 게 제일 맛날 듯.,,
한 시간 정도 후에 먹었더니 생각보다 덜 부드러웠음!,,
담에가면 또 살듯^^,,
컨셉이 확실하면서 귀엽고 좋았어요.,,
하드하지않은 말랑.,,
한번 사먹어볼만합니다,,
👏👏,,
근데 무조건 4개 1세트는 별로.,,
시간지나서 좀 식었으면 에어프라이기 3분 돌리고 먹기 !!!,,
기대했던것보다는 평범.,,
"이번엔 식은걸 받았는데
역시 바로 한게 맛있네요",,
다음날 발뮤땡에 돌려먹엇더니 캬~한번 드셔보시는거 츄천해용,,
특별한건 못느낌,,
한봉지만 샀는데 후회 ㅜ ㅜ바로 먹어도 존맛이지만 에프에 좀 돌려먹으면 더 존맛... ㅠㅠ,,
저는 에프 160도 3분 돌렸어요!!,,
💖💖한봉지만 사온거 후회중 ㅠㅠ 다음에 또 가서 먹어야겟어요....,,
🥳,,
아니근데진짜맛있네요..,,
넘 감동이었어여,,
너무 맛있네요,,
생각도 들어,,
두번은 안갈듯..,,
추워서 고민했는데 냄새 맡으면 ..,,
나는 왜 한팩만 산걸까..,,
더사올걸..,,
했네요,,
그리고 패키지가 너무 좋았어요,,
저는 맛있었어요!,,
넘넘 맛있어용 ㅠ,,
담에 또 먹으러 가려구요,,
맛있지만 한참 기다려서 먹을만큼 특별한 맛은 아니예요,,
성수 다음에 다시 가면 또 사야겠어요,,
하염없이 기다리기 힘듬.,,
미쳤어요,,
이렇게맛있을수가 짱이네요,,
자꾸 생각나는 맛이에요,,
따뜻할때 먹어야 되용,,
마감 직전 득템!,,
한번쯤 먹어볼만한.,,
이곳..,,
괜히 유명한게 아니더라구요!,,
❤️ 별거아니지만 기분이 좋아지네요,,
리뷰쓰다보니 또 먹고싶어지네요 ㅠㅠ,,
조만간 또 갈듯싶습니다 헤헤,,
지인들이 성수동 까지 놀러오셔서.,,
이냄새를 그냥 지나쳐가기란 늘 쉽지않았음.,,
는 잘 모르겠음.,,
물론 맛있음.,,
시간들여서 힘들게먹을만한건 아닌듯.,,
허허.,,
담에 또 먹고 싶어요,,
바닥이 빠작한 느낌이구 매우 부드럽고 어떻게보면 기름지다고 느껴질만큼 풍미가 좋아요.,,
엉엉😭,,
식었는데도 맛있네요,,
낱개 판매는 안되고 무조건 1세트를 구매해야 하는 게 좀 아쉽.,,
시간맞춰 나오는 거라 기다림은 필수.,,
적당히 쫄깃하고 맛있었어요.,,
또 먹고 싶다.,,
이런 식감은 정말 처음이에요,,
맛있어요 ...!,,
🫢 진짜 대박입니다,,
여기..,,
맛있어요 ㅎㅎ,,
근본 오브 근본,,
기다리는 대열에 합류할 수가 없어 살 엄두를 못냈었다.,,
깔끔하게 군더더기 없이 담백하고 맛있다,,
😇,,
한 번 먹어 볼만 합니다.,,
1set가 몇개인지 정확히 모르겠어요,,
그런데 6개 이상은 됩니다!,,
"하루에 7,000개 팔린다고 하니 한번쯤 사먹어보면 좋을 듯해요!",,
너무..,,
맛있어요..ㅠ,,
낱개 안팔아서 당황해ㅛ는데 그래도 맛잇어요!,,
넘 맛있음 ㅎㅎ,,
꼭 사자마자 하나 드시는 걸 추천합니다!,,
하지만  무조건 4개 한세트 판매는 아쉬워요.,,
따끈따근하고오...,,
걷다가 보이면 꼭 한번 드셔보세요!!,,
너무맛있어요,,
안먹었음,,
후회할뻔!!,,
맛을  기대하며.,,
크기는  크지않고...,,
저거  4개에  12.000원.............,,
이제 자연도 아니면 안 되는 몸이 됐어..,,
마니마니 사서 에프에 돌려먹으면 갓 나온 맛 그대로 ㅜㅜㅜㅜㅠㅜㅜ진자 너무 마싓당,,
대처가 너무 아쉬웠어요,,
결제할 때도 1세트 살려고 했는데 갑자기 2세트 시죠 하면서 결제할려고 하더라구요..,,
다음에는 이런일이 없었으면 좋겠네요,,
튀긴듯 바삭한 맛입니다,,
맛있어요~~~,,
음...,,
기다리면서 먹을만큼 아닙니다..,,
그냥 나오자마자 먹어서 맛있게 느껴지는겁니다.,,
너무너무너무 맛있어요!!,,
식으면 맛이없어져요,,
맛있어서 내일 또 가려구요,,
도쿄 느낌나는  디테일,,
유명하대서 가봤어요.,,
평일이라.,,
크기는 좀 작아요,,
평일 이른아침 성수동 구경하다가 가마솥 포스에 구입하게됨.,,
근데 대처가 아쉽네요.,,
1개만 먹고싶었는데 ...,,
근데 너무 맛있어서 둘이 4개 다먹었네요 .......,,
뭐야,,
도라방스🥹🥹🥹 성수가면 꼭들르세요!,,
넘 조음👍👍,,
본점에서 먹어본후 너무 맛있어서 성수 온김에 들렸어요~,,
시간 지나도 촉촉하니 너무 맛있어요!!,,
싶네요..,,
조금 귀찮군요..,,
최고최고,,
아 진짜 너무너무 맛잇어여!!,,
한세트 산 거 너무 후회함 !,,
다음엔 몇세트 사야게써욤!!,,
받자마자 따뜻하고 맛있는 냄새 덕분에 그자리에서 봉지 열고 먹었어요 >_<,,
주변에서도 맛있다고 극찬✨😆,,
축하드립니다..,,
"👀✨
4개씩 파는게 아쉬웠었는데 냉동했다가 에프 넣어도 맛있더라구요",,
😄,,
그래도 맛있었습니다. :),,
"네요ㅋㅋ 
더 사올걸",,
넘 아쉬웠어요^^,,
무조건 그 자리에서 바로 드세요,,
딱히 맛있지도 않고..,,
세상에서 제일 맛있다는데 어느 세상인지 그 세상에서는 안살고싶음,,
다음에 꼭 많이 사올 거예요!,,
🥰!,,
하나부터 열까지 정성스럽다는 생각이 들었습니다.,,
추천합니다.,,
기대 이상 아니 그냥 쏘굳 ฅ/ᐠ. ̫,,
.ᐟ\ฅ  바로 먹는게 제일 맛있지만 얼렸다가 에어프라이기로 해 먹어도 고놈 참 맛나네요 ໒꒰ྀི ˃ ᵕ ˂ ꒱ྀི১,,
포장지도 너무너무 귀엽고 엔틱한 느낌이라 좋았어요!!,,
. ̳^ !!,,
성수에 생겨서 다녀왔어요!!!!!!!,,
쬐고~~~~~,,
맛있오요 짱짱 굿 짱 맛,,
진짜 맛있음 ..,,
"100가지의 재료 테스트와 1,000번의 구움",,
😊😊😊 성수동 가시면 연무장길 56-1 가셔서 드셔보시길 추천드려용,,
"예전에는 기다리기 싫어서 그냥 왔는데 ㅋ
여기는 기다려도 먹어야 함~",,
따끈할 때 먹으면 계속들어가요~,,
하루 지나고 먹었어도 맛있어요,,
당일에 먹었을땐 향과 식감이 좋았어요,,
배부른데도 자꾸 손이가요~~,,
두번 안사먹을듯,,
아,,
최고에요~,,
솔직하고 객관적이고 꼭 보시면 도움될 후기,,
오늘은 기다림이 없더군요,,
그래서 기회다 싶어서 한두개나 먹어보자 했습니다.,,
-,,
"거의 튀김 꽈배기다
-",,
"기다림에 누구든 한번씩은 시도하겠지만
- 재구매는 안할 것이다.",,
"이것은 너무 느끼한 기름덩이다
-",,
다음에 또 살 거에요,,
냄새만큼은 끝장나긴 합니다…,,
"역시❤️
성수에생겨서 금방먹을수잇어요",,
"예전에 본점에서 먹어보고, 너무 맛있어서 또 언제가나했는데 성수역 오픈했다는 소식듣고 찾아가봤는데..",,
서울에도 생기니 자주 사먹으려고요해요.,,
진짜 한봉은 안되고 최소 2봉부터 사야합니다.,,
맛있긴한대,,
또 가고싶어요!!,,
salt bread,,
금방 너무 기름기가 많아 포장지를 뚫고 기름이 흘러 나오더라구요,,
따뜻할 때 먹으면 굿,,
성수 주변에 살고 싶다,,
매일먹게..,,
완전 내스타일 ㅎ,,
짭쪼롬 고소해요,,
진짜 대박이네요,,
"🤭
성수동 가시면 꼭 한번 드셔보시길 추천드려용",,
구매후바로 드셔야 합니다.,,
나증에 드시면 기르이 많이 나와요,,
4개씩  판매해요,,
"단, 낱개 판매도 하면 좋겠어요!",,
성수에 새로 오픈해서 전 오늘 처응 구매합니다.,,
근데 아니  결재는 키오스크에서 하는데 저는 키오스크 만져보지도 못했어요.,,
너무 순식간에 일어난 일이어서 .,,
기분이 화가났어요.,,
뭐해요?,,
손님대하는건 꽝인데.,,
식감 맛 향 모두 미쳤어요 ㅠㅠㅠ,,
평일 저녁이라 별로 안 기다리고 구매했어요,,
세개 그자리에서 순삭!!!!,,
평범해요 .,,
한번먹을만 해요.,,
또 먹고싶어요,,
넘맛있어여ㅠ,,
원탑 인정해요ㅎㅎ,,
하고 맛있어요!!,,
다음날 에프 돌려서 먹으면 더 맛있어요!!,,
🥐🧈,,
너뮤 짜지 않고 깔끔해서 딱 좋았답니다!,,
누가 언제 다시 열어봤고 만졌을지도 모르는 불쾌한 마음에 차마 그냥 먹을 수 없었네요.,,
했어요,,
두번째 왔어요.,,
다행히 10분 만에 구매했습니다,,
한 세느틑 바로 먹고 한 세트는 냉동실에 넣고 나중에 먹으려구요 ㅎㅎ,,
생각보다....,,
아쉬워요,,
용 너무 기대 했나봐요!!,,
그래도 많이 안기다렸고 먹었습니다.,,
맛있네요.,,
애들도 좋아하네요,,
짱짱 맛나요 ㅠ,,
고소하고 맛있어요.,,
맛있어요 ㅠㅠㅠ,,
바로 먹는게 가장 맛있어요,,
오묘하게 중독되는맛..,,
처음엔 이게왜유명하지?,,
했다가 먹으면 먹을수록 맛있게느껴짐,,
다음에도 올듯합니다,,
식혀서 담으셨다보단 온기가 전혀 없었다는..,,
진짜 존맛...,,
흔한 맛.,,
ㅎ근데..,,
맛있게 먹었습니다~ദ്ദി,,
"또 먹고 싶은데~~
또 사러가야 하는데~~~
또 먹어야 하는데~~~",,
언제 가쥬?,,
"따듯할때 먹어도 기절하게 맛있고
식었을때 먹어도 진심 맛있어요",,
4개 구매해야되서 1만2천원입니당,,
따뜻하고 맛있어요~~,,
일요일 오후여서 그런가,,
"4개에 1세트 12000원 구매했는데, 금방 사라져요",,
나눠먹을 거 생각하면 2세트는 구매하는 것도 좋음,,
너무 맛있어요 ㅎㅎ,,
아마 따끈할때 구매직 후 먹었더라면 더더더 맛있을거라 생각됩니다,,
마니 짜여ㅠ,,
"따뜻할때 먹으니 맛있었고
오븐에 데워먹어도 괜찮앗어요",,
엄청나게 맛있어요,,
식어도 존맛탱이었습니다,,
좋아요:-),,
"제
스타일은 아니네요",,
세상에서 제일 맛있지 않아요,,
바로 나올때가 맛나요~,,
글쎄요..,,
패키지 마케팅의 결과일지도..,,
이제 영종도까지 안가도 되네요 ^^,,
사자마자 순삭해요,,
진짜 맛도리 그 자체네요,,
와 진짜 맛있어요… 향도 너무너무 좋고요🥰❤️,,
🥐🩷,,
바로 안드실분들은 꼭 에어프라이어에 돌려드세요!!!,,
JMT다음에 가면 더 많이 사올래여>..<,,
엄청난 맛은 아니지만 맛있어요,,
패키지가 귀여워요,,
4개 묶음 12000원이구요.,,
네개가 한세트라 너무 많은데 싶었으나 한입 먹자마자 4개사서 다행이다 싶었어요ㅋㅋㅋ,,
굿굿!,,
굉장히 맛있습니다,,
맛있긴 맛있다,,
진짜 맛있긴하네요,,
다이어트 중인데 정신차려보니 순삭했더라구요ㅠㅠ,,
"박세리가 반한맛집~
진짜 맛있네요",,
최고네요!,,
5세트 살걸~~ㅠㅜ,,
엄청 뜨거우니 손 조심 하세요.,,
화상 입었음….,,
기다려도 화 안남.,,
연휴때 가서 3분 정도 기다리고 샀어요.,,
향은 엄청 좋아요.,,
추석전날밤에 사먹었을때 넘.,,
또 한개는 사촌언니남친오셔서 드렸당!,,
거의 뭐에 홀린듯 삼ㅋㅋㅋ,,
근데 맛있네요 ㅋㅋㅋ,,
크랙은 아니고요,,
낱개 구매 안 됨.,,
😄😄😄😄,,
😂,,
밑부분이 바삭바삭해서 좋네요!,,
"우와~~~
이거죠",,
냄새부터 환장,,
왠만해서는 좋아할 맛~ 재료가 좋은게 느껴져요!,,
굿굿🙏🏼,,
더 맛있습니다!,,
존맛..,,
맛있어서 두 번 감,,
기냥 지나칠수 읍써요!!,,
4개들이만 파는듯해요!,,
1개씩 팔면 좋을텐데!,,
바로사서 먹으니 쫀맛이더라구요,,
눈길이갈수밖에없던걸요ㅋㅋ,,
많이파세용♡,,
냄새에 이끌려 샀는데 후회 안하고 다음날 먹어도 꿀맛...ㅠㅠ,,
촉촉하고 짭조름하고 부드러워요,,
고소하니 맛있어요,,
따뜻하게 바로 먹었으면 더 좋았을듯해요,,
가족들이랑 함께 먹었는데 다 맛있었다고 하네요.,,
지나가는 길에 보고 안들어올 수 없었어요.,,
맛나영,,
다음에 가면 또 살거예오..,,
"뭐~
늦은 시간에 가면 바로 겟",,
성수에도 생겨서 좋아요,,
한번 먹어볼만 함,,
4개 한세트 사온것도 부족합니다 ㅎㅎ,,
완전 맛있어요!!,,
👍👍 더 사올걸,,
넘 아쉽네요 ㅠㅠ,,
진짜 맛있어요!,,
성수동 가시는분들 꼭 사세염!!,,
성수동가면 또 먹을만해용,,
하지만 너무 맛있어요,,
담백하고 맛있어요!,,
아쉬어요.,,
맛이 괜찮다.,,
다만 낱개판매는 하지않는게 아쉽다,,
근데 좀 느끼해요,,
**,,
가장 중요한 건 1개씩 못 사요!,,
참고하세요!,,
겉파속쪽의 정석.,,
겉은 파삭 바삭아니고 파삭하구요,,
속은 쫄깃느낌입니다.,,
낮~저녁이 제일 많아요.,,
식감이 좋습니다,,
냄새에 이끌려 살 수밖에 없었어요,,
진짜 맛있게 먹었어요,,
리뷰 안쓰는데 안쓸래야 안쓸수가 없는 맛이랄까?^^,,
대형 베이커리보다 훨 맛있어요,,
"새로생겨서 사먹어봤는데 
맛있어요",,
괜찮아요~,,
꼭 한번 드셔보세요!,,
당일에 못 먹고 다음날 먹었는데도 너뮤 맛있더라구요..?,,
추천해요,,
기름 범벅.....,,
약간 기름기가 좀 많음 ㅎ,,
"1봉지 12,000원임 ㅎ",,
뜨끈할때먹으니쥰맛,,
와 성수에도 생겼네요,,
우연히 지나가는 길에 샀어요!,,
근데 기름이 좀 많은편,,
무조건 들리세요,,
"안먹으면 유죄, 지나쳐도 유죄, 그냥 유죄…",,
어제 오픈 했다고 해서 사서 먹었는데 못 참고 아침에 또 먹으러 왔습니다,,
두번 갔으면 말 다 했다고 생각합니다,,
저 믿고 꼭 한 번 드셔보세요,,
진짜 저도 성수동 주민이라 다 먹어봤는데 여기가 진짜 찐입니다,,
근데 이건 살짝 식어도 맛있어..,,
정말 최고입니다.,,
1인1봉 무조건 해야해요.,,
1봉만 사서 후회했어요!!,,
존맛 그자체,,
제 시간도 소중하거든요…,,
늨데 넘 여유롬고 좋았어용,,
베이커리도 굿이에요,,
또 올게용~~!!,,
엄마 아빠 모시고 아이랑 같이 왔어요,,
성수 오면 자주와요,,
좋아요!,,
쎈느슈패너 위에 시나몬 올라가요!,,
*주의*,,
소음도 적당하고 좋습니다,,
화장실도 깨끗해서 좋네요,,
애견동반 카페예요,,
아침에 가면 할인돼요~,,
🤎🖤🥰🥰🥰,,
"성수에 은근
대형카페가 없어서 다음번에도 또 오려고 합니다!",,
사진찍기도 좋아요,,
오렌지에이드❤️,,
🥰❤️,,
바로 앞 뷰가 좋네요,,
"👍🏻
에그타르트 맛집",,
와 샌드위치 기대안했는데 대존맛..,,
오랜만에 왔는데 좋네요 !,,
역시 쎈느!,,
추천받아서 왔는데 정말 좋네요!!,,
잘 쉬다가 갑니당!,,
다음에 또 오고 싶어요,,
💦💦💦 에어컨 바로 밑에 자리잡아서 그런거일수도..!,,
😁😁👍,,
"음식이 맛있고, 빨리 나와용 추천드립니다 :)",,
프렌치 토스트도 맛있어요!!,,
귀여운 마들렌!,,
너무 맛있었어요,,
비쥬얼에 맛도 좋은!,,
🩷 맨 아래 망고 사이즈 최고입니다~,,
"☺️
날씨 더울때 들어와서 쉬기 딱 좋아요~~",,
탁 틔여서 좋습니다,,
자리가 많아서 좋아요,,
쾌적해요,,
편하고 좋네요~,,
성수 오면 항상 오는 카페에요,,
성수 한가운데 이런 카페가,,
"🖤
느좋이에요 뿅 !",,
성수동 올 때 마다 들리는 쉼터❤️🍷,,
좋아요.,,
"♥️
애견동반으로 또 오고 싶은 쎈느에요",,
자리도 많고 노트북 하기에도 좋아요,,
케잌 크기는 작지만 맛있습니당!! >_<,,
쎈느 또 와야지,,
완전 취저💙🩷🩵💜,,
잘먹고갑니다!,,
널찍한 작좋카에요 ㅎㅎ,,
맛잇음,,
"굳
망고~",,
너무 맛있어서 정신없이 먹다가 아차했네요…,,
다음에는 토스트 먹으로 올게요~,,
친구와 항상 들리는 커피숍.,,
여기가 성수다~,,
멋드러짐!,,
정말맛있어요~,,
아인슈페너 추천합니다ㅋㅋㅋ,,
밀리의 서재 할인되는 대형 카페라 좋았어요~,,
😅,,
맛은 쏘쏘,,
🍵🥛,,
🍵🍫 ✨,,
쎈느 말차케익 꼭드세요!!,,
맛있어요!!!!!!! ㅎㅎㅎ,,
2층 구경도 편하구,,
아침에 갔더니 좀 오래걸림...,,
안녕하세요,,
저는 초6ㆍ중3의 자녀를 둔 엄마입니다,,
다음에 기회되면 또 뵙겠습니다,,
좋은 하루되세요,,
수고하세요,,
새해 복 많이 받으세요,,
따뜻한 아이슈페너~강추!,,
맛있어오,,
모르겠음 ..,,
🙏,,
주차장쪽 야외 테이블도 많고.,,
담에 다시 올께염~,,
💗 성수동 댕댕이랑 가기 좋은 카페 “쎈느”,,
단 종이컵에 나와서 다소 아쉽네요.,,
부럽당 ㅠ,,
소품 구경하는 재미가잇어요,,
날씨도 좋고 좋네요,,
대형 카페입니다.,,
🙌,,
이색적입니다,,
추천해요~,,
🍎⭐️🌈,,
애플갸또 짱🤍,,
성수 쎈느추천합니당,,
"💕성수 쎈느💕
옛날부터 가보고싶었는데 드뎌 !!",,
가봄!!,,
카페 자리 만석🥲 ㅎㅎ 이여서 2층에서 열심히 구경 했네용,,
😎😎💕💕 재밌었어용,,
콜드블루 에티오피아  맛있네요,,
더워 죽기 직전에 도착해서 살았어요.,,
티라미슈 너무 맛있습니다!!,,
성수동 돌아다니다 넘 더워서 걍 들어갔는데 대박！！,,
핫플이잖아요ㅋㅋ,,
오렌지 카페라떼 맛있어요~,,
내가 못 올 때 왔나?,,
쎈느 아아 존맛이에용,,
맛잇어요!!!,,
🌸🌹,,
비씬만큼 맛있지는 않았어요!,,
아쉽다,,
오랜지에이드 7500원,,
🐻💛,,
강츄👍👍👍✨,,
이용 안하면 1시간 8천원이네용,,
특히 저 무스케잌 너무 맛있어요ㅠㅠ,,
이미 카페 한군데 더 갔다온 상태였는데도 동생이랑 정말 맛있게 클리어!,,
굿 좋아요!!,,
대신 겨울에 조금 추워요!,,
😍😍,,
아인슈페너는..ㅜ,,
여태먹어본맛이랑 넘달라요,,
채광 맛집!,,
아인슈페너도 맛있었어요.,,
호가든 포멜로.,,
얼그레이향은 강하지 않아서 불호 없을듯!,,
소르베 맛있어요!,,
(앞에 분들이 없다는 전제하에.!),,
맛있어용~~,,
카페가커서 친구들이랑 가기 좋을것갘아요,,
호가든 팝업하길래 가보았어요,,
처음 먹어본 맛인데 조합이 어울렸어요,,
친구들과 같이 대화하기 좋네요 ~,,
하이볼도 주셔소 잘 먹었습니다 :),,
마싯다.,,
아바라 맛집이네요~,,
애견동반이라 좋아요,,
케익이 아름답다고 느낀건 처음이네요~♡,,
르세라핌 팝업❤️❤️,,
"★ 르세라핌 컴백 팝업스토어 ★
#언포기븐_들을_기븐이야",,
르세라핌 팝업 왔어,,
카즈하아아아,,
더스티엠버 시켰는데 향이 너무 좋았네요.,,
"2시간 기다려서
품절 뜬 거 보고 우울했는데",,
🔥 한정으로 이젠 안판다는게 눈물만 날뿐...,,
모임하기 좋아요,,
무난하게 가기 좋아요.,,
🥺🤍,,
그냥저냥 좋아요,,
날이 너무 좋아 야외에서 먹었어요,,
☀️,,
자리가 많아요,,
굳,,
구경하기도 좋네요,,
Very trendy and aesthetic. Large enough with good amount of tables. Up stairs is a shop with unique fashion items. A little pricy but hip. I think the outside is cooler than the inside. Good for conversation,,
플랫화이트 너무 맛있어요~^^,,
히히히 진짜오랜만에 성수에 놀러왔는데요.,,
핫플 쎈느에 왔답니다.,,
카페 바로앞이 주차장이라서 넘 편했구요!,,
얼그레이 연해요..,,
아인슈페너도 굿굿.,,
신기해엽!!!,,
꾸덕한 케익도 굿,,
대화하기 좋다.,,
2층에서 옷을 판다.,,
화장실이 깔끔하다.,,
"저번에 지나가다가 봤는데
저녁엔 앞마당에서 공연?",,
버스킹?,,
"설날에 가족들하고 기분삼아 갔는데
좋았어요",,
화장실은 칸 한개라 좀 불편했지만 깔끔했어요,,
쿠키가 아주 쫀쫀한걸보아 조금 오래된 듯 합니다….,,
턱이 너무 아팟어요 ･᷄ ︵･᷅,,
무난하게 괜찮아요,,
친구와 떠들기 좋아요,,
특별한 메뉴 흙푸라치노,,
길가다가 눈에 띄어서 궁금해서 들어가봤습니다!,,
즐건제일 3번째 ♥️,,
티비엔 즐건제일 사랑해요!,,
추운게 정말 제일 싫었어요,,
연예인 오면 분주해지고 어수선해짐,,
즐건제일 팝업때 다녀왔어요!,,
너무 맛있게 잘 먹었어요~,,
독특한 메뉴가 좋아요,,
강추합니다 ㅋㅋ,,
처음 가봤는데 맛있었구요~,,
기간한정으로 이벤트도 재밌었습니다!,,
메뉴 너무 귀여워요 ㅋㅋㅋㅋ,,
tvN즐건제일 땜에왔는데 ㅋㅋ 맛나게먹고 사진도 찍고 그랬어요.,,
먹고 2층가서사진찍으시려면 입이랑 이빨 다 행구고 보고가세요 ㅋㅋㅋ,,
베이커리류도 많았는데 못먹어서 아쉽 ㅠㅠ,,
쎈느카페를 티비엔에서 잠시동안 팝업스토어를 열었어요 !,,
여성분들이 엄청 좋아하실 느낌이군요,,
"😊
감사합니다",,
"🙏💜성수 scene & illionaire💜
.",,
".
.",,
이럴수록 더 힙알못인가요???,,
🤪,,
또 갈게요!!,,
파인애플주스 완전 맛있어요!!,,
많아,,
2층에 전시?,,
감사합니다~,,
🙇🏻,,
거기서 한때 저의 최애 아이돌그룹 멤버분을 마주쳤다는 충격 비밀이!!♡,,
늦게까지 영업해서 좋네요 ㅎㅎ,,
성수동 갈때마다 들릴 예정 ㅎ,,
카페말고 윗층에서 악세사리 구매.,,
화장실이 작아서 불편.,,
흠 sososososo….,,
어요,,
발렛비 유료이나 아저씨 프로임,,
쩝쩝,,
주말엔너무소란스러워요,,
바로 빼버리고 마심..,,
"선선해진 날씨여서 야외테이블에도
꽤 많이 자리한 모습이 가을이 왔음을
일깨워 주었다",,
아쉽네요 ㅠ,,
다만 창가자리는 햇볕 잘들어와서 따가워요,,
수다떨기 좋아요,,
"여럿이서 이것저것 많이 시켰는데, 사실 베이커리류는 아쉽지만 기억이 남는 건 없네요..",,
아아메 대박적 숨도 안쉬고 원샷함,,
숨참고 아메다이브,,
1층 창가 햇빛 공격 받기 좋은 자리,,
피치얼그레이 시켰었는데 은은한 향이 좋더라고요.,,
"이층엔 옷이랑 여러가지 제품 팔아요
통유리라 낮에가면 창가쪽은 못 앉아요",,
🔥🤔,,
시원하니 좋아요 ㅎㅎ,,
"이층에 의류, 악세서리 팔고 잇고용.",,
"핫플답게 시끄럽고 분주하나, 깔끔 쾌적했다.",,
완전 좋아요,,
맛은 평범 모든것 괜찮,,
사진 맛집!,,
용~🐻,,
카페전문 유튜브 유리소리TV,,
"핫한 성수감성카페 ,, 또 가야지",,
이번엔 지프랑 일하네,,
대박,,
"컵이 칵테일 느낌,,이라 그런지 맛도 칵테일 느낌,,?㉭",,
크럼블🧡,,
후회안하실껄요,,
골고루 시켰는데 다 맛있어요,,
말차파운드랑 마들렌은 달지않아 맛있어요.,,
카페가 짱 커요!!,,
"성수에서 큼직큼직한 카페별루없는데
여기 커서좋음",,
색다르게 즐기는 핸드드립..,,
맛의 깊이가 다릅니다,,
"🎉
굿👍",,
8500원..,,
앙냥냥,,
대화하기 좋아요,,
b,,
발렛비용3000원이네요~,,
사진찍기 좋아요~,,
폴로폴로 ㅋㅋㅋ,,
베이커리는 맛없음,,
☺️☺️☺️,,
별기대없엇는데 오 왠욜 굿굿♥,,
개인적으로 종이컵 두겹쓰는건 바뀌면 좋겠어요..,,
맛있고좋아요~,,
바치케 맛나요,,
대화하기 좋아요~,,
친구랑 고고^^,,
걱정했던거 보단 괜춘,,
얼그레이 마들렌은 딜마 얼그레이랑 잘 어울린다!,,
티라미슈가 맛있었음!,,
너무 자주 왓지만 ㅋㅋㅋ 맛잇어서 자주 와용 낮시간 점심에욤,,
"너무 자주 갓엇지만, 좋아용ㅋㅋ",,
맛있어용 ㅎㅎ,,
모이기 좋아요,,
굿에용🦭✌🏻,,
아인슈페너 마싯어요:) 그리규 말차쿠키 취저에요ㅠㅠ,,
😛🙌🏻,,
맛 괜찮았어요!,,
화장실은 한칸뿐이라 다소 불편 ㅎ,,
인스타갬성 카페입니다~!!,,
사진 스팟이 좋아여,,
좋아요~,,
사진맛집!,,
요즘 아아 못먹는 저한테 필수 선택,,
대형트리 짱,,
좋아요 ~~~~~~~~~~~~~~~,,
특히 말차쿠키 짱,,
아케인 이벤트 잘 참여하고 갑니다,,
맛있게 잘먹었습니다!,,
미적지근..,,
그거 빼곤 좋았습니다,,
대구에서 서울놀러가서 먹었어요,,
빵마슷~,,
맛업성 ㅡㅡ,,
오랜지라에 그냥 노맛,,
실내는 매우 시끄러움.,,
테라스조아요,,
그냥 저냥 갈만해요,,
날좋을때 한번가고 날 안좋을때 가면 안으로 들어가야 해서 답답해요,,
(우리입맛이 이상한건가,,
하얗고 널찍.,,
쿠키 맛남!,,
다음엔 꼭!,,
2층 꼭 올라가보세요!,,
여윽시 인싸 카페답게 예ㅃㅓ요,,
브런치 먹으러왔는데 맛있어요,,
오전에 오면 한적하니 너무 좋습니다.,,
"인스타 핫플.,",,
ㅠㅠ노맛..,,
앉을 자리 마련해주셔서 감사했어요,,
조심,,
티라미슈 맛있어요!,,
계피향인가..ㅜㅜ,,
드실분은 참고하세용...,,
샌드위치 너무맛있음!!,,
얼그레이케익대박!!,,
손님한텐 마스크쓰라면서 정작 여기 키큰 바리스타는 턱스크?,,
얼그레이 향이 진해서얼그레이 좋아하시는 분들은 정말 좋아하실 듯한!,,
7시 50분 받아주셔서 감사해요,,
그릴드 머쉬룸 샌드위치 완전 맛나고요.,,
워낙 핫풀이구요.,,
맛이 보통.,,
그냥 먹기만해요ㅎ,,
맛 별로예요,,
인스타용카페,,
좋습니다,,
ㅋㅋ비싸네ㅡㅡ 퀼리티 별루,,
아인슈페너 맛있음,,
평일엔 북적거리지 않아서 좋았네요,,
2층은 리뉴얼중이라 못봤어요ㅠㅠ,,
애견 동반되서 좋아요,,
홓ㅎㅎ,,
핫하고 맛있고 사진맛집😘,,
좋아요~!!,,
사실 아침 일찍 문 열어서 간거였는데 샌드위치는 10시부터 나온다고 합니다.,,
좋아요 !,,
"그냥 쏘쏘,,",,
맛이 ..,,
하나도 없다,,
냠냠 담에 또 갈 예정,,
너무 좋아요,,
맛있어여,,
이젠 성수동 렌드마크,,
다음에는 샌드위치도 먹어볼래요,,
크고 아름답다.,,
아바라는 맛있었는데 플랫은 비추입니다,,
핫한 카페에요,,
ㅋㅋㅋ비오네 ㅠㅠ,,
😜😝😘🥰😍😛,,
핫한 성수동 갔다왔어요,,
오랜지라떼가 비안코 맛이네요,,
그냥저냥 무난했어요,,
역시 핫플레이스입니다.,,
아인슈페너 아이스 먹었는데 맛있더라구요.,,
이곳은 사진맛집 :),,
맛은 소쏘,,
"마감이 열시까지라고 들었고 
아직 시간이 꽤 남았었는데 청소기를 계속 돌려서 너무 시끄러웠습니다",,
올때마다 좋아요!,,
야외석도 오픈했네요,,
햇빛맛집,,
맛있어요~~,,
덜 주고 그래서 기다려서 다시 받았네요.,,
길어서 똥머리하던지 머리망 하던지 햇으면 좋겠어요.,,
그냥 코로나땜에 아무래도 좀 예민한데  크고 좋은 신생카페인 만큼 위생에 좀 더 신경쓰면 좋겠네요.,,
근데 약간 햄스터 톱밥 냄새 맛 남 ㅋㅋㅋ,,
인스타 핫플🔥🔥🔥,,
아르코 짱짱짱,,
너무너무 좋아요!!,,
#성수동카페 #아르코,,
주변이 다 낮아서 그런지 5층만 올라와도 체감 20층 느낌이에요~,,
다음에 또 가보고싶어요,,
살짝 아쉽,,
성수에서 이것저것 달달구리 사먹다보면...,,
매우 추천합니다,,
⭐️⭐️⭐️⭐️⭐️,,
주말이라 꽤 시끄러웠지만..,,
여름날 시원하게 쉬었다 가기 좋은 찻집,,
할미입맛들 모여라,,
호박 파운드를 못먹어봐서 넘 아숩다,,
🍵,,
저는 말차 초보라 아직 프리미엄 말차도 쓰더라구요.,,
달지 않아 너무 좋았어요!,,
원래도 쑥을 좋아하는데 쑥향이 많이 나서 너무 좋았어요!,,
다음에도 곁들여 먹으려구요!,,
성수동 갈 때마다 들려요.,,
맛있어요 ㅜㅜ,,
친구 추천으로 왔는데 성수 뷰도 보이고 좋았어요,,
많이 달지 않고 맛있었어요.,,
입구 찾기가 어려웠어요.,,
화장실도 깔끔해요.,,
평일에 가니 한적하고 좋네요,,
새로 나온 말차 메뉴 먹어보러 갔습니다,,
다음엔 찐 말차 먹어보러 한번 더 가고 싶습니다,,
진심 강추드립니다,,
bb,,
놀랄만큼 너무 좋았어요,,
쑥향이 진하고 부드러워요,,
넘 좋았습니다,,
거짓말 보탤 것 없이 정말 10분 이상 쉬지 않고 사진만 찍더라고요…,,
친구들이랑 따뜻한 시간 보냈어요.,,
🍵🪷,,
쑥말차아포카토 존맛,,
맛이 더 강합니다.,,
쌉싸름한 그린티 맛을 기대했는데 아니었어요.,,
하지만 맛있었습니다.,,
쑥티라미슈가 미쳤뜹니다,,
그래서 한 2-30분정도 기다렸습니다!,,
5층높이에서 바라보는 성수 뷰도 볼만합니다!,,
힐링돠는  주말 오후 티타임이었습니다.,,
그리고 위에 올라간 바삭 달달 꼬소한   토핑이 식감을 더해줍니다,,
힐링 제대로 하구 옴~🍵,,
올 때마다 좋아요,,
😆😆😆👍🏼👍🏼👍🏼,,
젤 좋아하는 장소!,,
또 들릴게요~~~!,,
무신사건물 윗층이라 뷰도 괜찮아보였어요,,
넘 달달하니 맛잇엇어요,,
튼 쑥 에디션이었음..,,
"It was nice to drink tea quietly. 
The city view was great and the tea was delicious. 👍 👍 👍",,
엄마도 달지않고 맛있다고 하셨어요 ㅎㅎ,,
이것도 많이 달지 않아 좋음.,,
꼭 무신사 건물 통해서 안 들어가셔도 됩니다 ㅎㅎ,,
부모님 모시고 갔는데 너무 좋네요,,
세심하게 신경써주셔서 감사합니다,,
천사신가요..?,,
언젠가는 혼자서도 한번 가보고 싶어요~,,
탁 트인 통창이라 뷰가 너무 좋구요 ㅠㅠ,,
진짜 초초대박 맛도리!!!!!,,
진짜 넘 맛있었어요!!,,
쑥 아포카토 맛있네요~,,
성수동 놀러오면 올만하다구 추천드립니당,,
😋 옷구경하고 잠시 쉬기도 좋아요.,,
"그래도 핫한 주말엔 쪼금 수다스러운 환경이지만 압도하는 뷰때문에 별로 신경 안쓰이구요,",,
"그래서 개인 업무나, 공부를 하기에도 적합하네요",,
💕 그래두..,,
저 와야 되니까 너무 소문나면 안돼,,
에에~~,,
탁 트인 분이 너무 좋아요 ♥,,
매니저님(?),,
🍵🍀🤍,,
다시는 안올 겁니다.,,
추천받아서 기대하면서 왔는데 실망했어요.,,
"마스크끼고 말씀하시니 목소리가 잘 안들렸는데, 
제가 못 알아들으니 빤히 쳐다보고 정색하시더라구요.",,
그리고 뭐 질문을 해도 뭐 그런 걸 묻느냐는 듯이 형식적인 대답을 하셨어요.,,
저는 그걸 물어본게 아닌데요 ..,,
"마들렌도 너무 달아서 호지향 전혀 안나요.
(호지맛인지 모를 정도)",,
뭐 이 시간대 오신 손님이 테이블을 두드리며 웃으실 만큼 시끄러우신 분이긴 했어요 ...,,
"하동 찻잎을 사용한다는데, 하동과 무슨 관련인지는 모르겠음.",,
쿄!,,
할매입맛인 저희에겐 최고!,,
1인 1티라미쑥해~,,
진짜진짜 너무 맛있게 먹었어요,,
더워서 이번에 아이스류를 시켜 먹었는데 이것또한 맛있는 !!,,
부모님이 너무 좋아하셨어요,,
아포카토 처음 먹는데 맛있네요!,,
"오
유리 다",,
날씨 좋은 날.,,
비오는 날.,,
눈 오는 날.,,
⚠️,,
기대하고 왔는데 기대한만큼 좋았어용 ㅎㅎ,,
고층 카페라니 좋다 ..,,
🖤✨,,
2면이 통창이라 상당히 개방감이 느껴졌고 층고가 높아서 시원하게 트이는 시야도 매력적이었어요,,
다음에 또 올거에요 ..,,
😲,,
입규를 찾기가 힘들었러요.,,
쑥라떼 체고,,
6800원짜리 두유...,,
대화하기 너무 좋았어요,,
너무 좋았습니다,,
강추입니다!,,
"시끄러운 성수 속
차분함 한 잔",,
건물 5층인데 출입구 찾기가 쉽지 않은 편이네요,,
👍🏻 존맛탱구리에요,,
창가쪽에 앉으면 옆건물의 초록색 옥상 방수가 보이구요.,,
🍵🐅😊,,
꼭 드세요,,
👍🏻🫶🏻,,
"🩶
높은 고층에서 바라보는 뷰, 탁 트인 키친(?)",,
근데 쓴맛도 없어요..!,,
귀여운 스탬프 쿠폰도 찍어주시는데 5번찍으면 한 잔이 무료 .!!,,
🔖,,
😌🤎,,
🫶🏽💚,,
백차를 선택했는데 찻잎 향도 맛도 좋습니다,,
"쑥말차아포가또 추천추천또추천
쑥라떼도 맛있어요",,
다 맛있는데 여기 성수역 바로 5층 꼭대기라 뷰가 좋아서 사진찍기도 좋아요,,
언제와도 참 좋아요,,
여긴.,,
따뜻하게 데워주시더라구요~~,,
양은 적음 ㅋㅋ,,
또 찾아오고싶어요.,,
"크리스탈펀치 수정과칵테일 시켰는데
상큼함보다는 무거운 느낌 알콜이 꽤 쎄요
화장실은 비행기화장실처럼 해놓음",,
세심하게 우려진 보이숙차에서는 세월을 머금은 목향과 곡물의 맛이 납니다.,,
"첫 물과 두 번째 물은 비슷하지만 분명히 다른, 다채로운 만남의 연장선이니까요.",,
"5층, 찾아오기 힘듬",,
🍀,,
성수에 뷰 좋은 따뜻한 카페가 생겨서 너무 좋네요,,
신사점가봤는데 성수에도 생겨서 가봤습니다,,
신사점은 약간 오마카세 느낌이 나고 성수점은 카페 느낌이 나요.,,
"🌿
대화하기도 편하고 통창이여서 편하더라구요",,
"🫶🏻
다음에 또와야겠어요",,
신사점도 가봤는데 성수점은 좀 더 트렌디하고 개방적이예요,,
대접받는 기분이 들어서 넘 좋더라구요!,,
기분좋게 즐기고 갑니다,,
자주 가야겠어요 :),,
"🤍🤍 여기는 무조건 가셔요,,🙌",,
🫖,,
다음에 꼭 다시 가고 싶어요ㅎㅎ,,
대박이징?,,
제대로 잘 우려서 주십니다.,,
"공장에서 떼오는 그런 느낌도 아니고, 싸구려 쇼트닝을 쓴 느낌도 아니에요!",,
"제대로 잘 만들어 느끼하지 않고 촉촉하고 고급스러운 맛에, 홍차 맛도 잘 납니다.",,
잘 먹고 갑니다,,
🥹👏👏,,
"요즘 핫플로 부상 중이라 그래서 더 붐비기 전에 갔는데, 생각보다 이미 손님들이 많았습니다.",,
🍵🍃,,
"일부러 찾아가
맛과 여유를 누리고 싶은 장소입니다.",,
(한 번 우리면 두 잔 나와요,,
☺️),,
더워서..,,
뷰도 좋고 맛있어요,,
루프탑도 가보고싶어용,,
"제가 가고싶어서 가자했는데 친구가 또 오고싶다구,,",,
"🫶🏻✨
대화하기도 너무 조아여 ㅋㅋㅋㅋㅋ",,
고즈넉하니 좋아요,,
쉬다가세요~,,
호두 떡구움,,
검색해서 갔어요.,,
카톡 친구추가하고 티백 하나 겟!,,
다음에 또 갈게요!,,
어머니랑 같이 갔는데 너무 좋아하셨어요.,,
24시간 해주세여 ㅠㅅㅠ,,
🐰😇,,
성수동 직장인이에요.,,
점심에 힐링 필요하면 가끔 와서 쉬고갑니다.,,
정말 깔끔한 느낌의 찻집!,,
😎💟,,
떡구움,,
쑥 말차 아포카토 신기하고 맛있어요.,,
🥹💛,,
다음에 또 가고싶네요,,
성수에 이런 데가 생기다니 너무 좋습니다,,
더 유명해지기 전에 꼭 또간다,,
😊!,,
제취향이었어요!!!!!,,
다음에 성수가면 또 가려구요~,,
최고오..,,
전체적으로 넘 힐링이었습니당..,,
감사합니다:),,
💘,,
쑥향이 좋았고 맛은 부드러웠다,,
평일은 주말 보다 붐비지 않아서 좋음.,,
🍵💚,,
뷰 한 쪽은 뉴욕 시티뷰 🤣 다음엔 날씨 좋은 날 낮 시간에 와봐야 겠어요.,,
달지 않고 적당히 씁쓸한 맛이에요!,,
시간은 해질녘에 갔는데 뷰가 다 보여서 감상하며 수다를 떨었어요.,,
"https://www.instagram.com/seoulwalker2018
https://blog.naver.com/seoulwalker2018",,
"혼자 와서 책읽거나 노트북 하기에도, 함께 와서 이야기 나누기에도 좋습니다.",,
좋은 카페!,,
자주 갑니다,,
쑥라떼 꼭드셔셔보세요,,
핵맛,,
오래오래 성수동을 지켜주세요:),,
혼자 책읽기에도 좋고 둘이 조용히 대화하기 좋아 종종 들립니다.,,
고급호텔 라운지 부럽지 않아요:),,
여긴..,,
그래도 전 맛있었습니다:),,
최고.......,,
진짜 제발가세요.,,
가오픈 기간 끝나고 정식으로 오픈하면 얼마나 더 좋아질지 너무 기대중입니당~~,,
너무 좋았어요!,,
제가 이런 느낌을 너무 좋아해요,,
노래도 느낌 좋은 팝송 노래 나와요,,
상냥하시구요,,
자주올게요,,
단골카페 되길!,,
창가쪽 자리에 앉아서 약간 바람 솔솔 들어오고 대화하기 좋은 카페였습니다!,,
그렇게 바글바글 시끄럽지 않아서 더 좋았어요,,
여러모로 기분 좋았던 카페였습니다 ~!,,
적립도 잘 챙겨줘서 좋아요,,
펌킨파이랑 바닐라빈은 그냥그냥,,
좋아하는 카페에요,,
카페가 커서 좋아요,,
시즌제품인게 아쉬울 정도에요ㅠㅠ,,
더 자세한 정보는 최제로 블로그 🙇🏻‍♂️,,
스카치라떼가 아주 존맛!!,,
완전 추천!!,,
담에 다시 먹으러 갈게요!!,,
가게 깔끔하고 괜찮았어요!!,,
가야지하다 드디어 가봤어요.,,
다 맛있게 먹었어요!!,,
근처라 자주갑니당,,
컴오프~ 나이스ㅡㅡ,,
의자도 편하고 즐기기좋아요!,,
이거...,,
아주 나이스 흑임자맨,,
맛없음,,
양적음,,
빨미 까레 추천,,
조용히 책읽거나 얘기 나누기 좋아요!,,
신상 카페인듯함.,,
테이블 배치도 독특했구요.,,
맛이~좋아요,,
전형적인 성수동 까페입니당… 힙해요힙해,,
너무너무 좋났어요~~,,
최고!!!,,
조아요조아요,,
조아요 조아요,,
비엔나 너무 맛있어요!!!,,
블랙?,,
특유의 시트러스한 산미도 좋아요,,
다만 슬픈 점은 통창이 멋있는데 공사장 및 다른건물 뒷바닥뷰,,
"💓
슈스틱 최애예요!",,
스벅보다여기가 나아요~,,
오늘은 펄이 좀 딱딱했어요 ㅠ,,
뚜껑 랩 포장지가 귀엽네요.,,
오 맛이 되게 신기해요,,
잘먹었어요,,
맛있게 만들어줍니다 ~!,,
그리고 손님이 별로 없어서 여유롭게 잘 쉬다 갑니다 !!,,
맛있게 잘 먹었습니다 ~,,
맛있어요.! :),,
굿.,,
조카가 무척 좋아해요.,,
서울숲 인근 아담한 공차,,
테이블도 겉보기와 달리 넉넉한 편이고 냉방도 좋다,,
청포도 스무디가 시윈하고 맛있었음,,
다시 나온 밀크쿠앤크 너무 조아용~~~~·͜·,,
"제일 가까운 공차라 자주 이용하는데
화장실에 기본적으로 핸드워시, 휴지, 핸드페이퍼나 핸드드라이는 좀 구비해주세요",,
특히 비누없는거 많이 찝찝해요,,
😣,,
진심으로 조언드립니다.,,
노래 좀 바꿔주세요.,,
"시끄러운 빅뱅,투애니원 노래만 몇시간째 나오는데 너무 지겨워요.",,
"2시간 내내 십수년전 빅뱅, 투애니원 노래만 나오는데 너무 올드하고 지겹네요...ㅠㅠ",,
매번 먹는 메뉴지만 올때마다 참 잘먹고가요,,
저는 특히 화이트펄을 애정해여ㅎ,,
망고+화이트펄은 꿀조합이죠,,
굳굳,,
브라운슈가주얼리는 언제나 진리입니다,,
맛있고 빨리 나옵니다,,
버블티,,
공차에서 카페라떼 한잔 먹고 왔습니다.,,
항상 저녁에 가서 그런지 신상은 품절일때가 많더라고요,,
다음엔 좀 더 일찍 가야겠어요,,
빨리 나와요,,
1시간동안 계속 당함.,,
양도 많고 정말 맛있었습니다!,,
빨리나와서 좋아여,,
가끔 생각 날때 먹으면 맛있어요.^^,,
좋아요~~~~,,
신메뉴 몽블랑 스무디 먹으러갔었는데 이날은 없었어요,,
품절이 빠른건지 안들어온건지..,,
"역시 공차
다",,
공차 공차공차🤍🤍🤍,,
펄이 맛있어요...,,
유 🍓,,
항상 깔끔하고 맛이좋아요,,
두개이상 사면 기본적으로 담아갈건지 물어봐주세요.,,
타로 만세🙌🏻🙌🏻🙌🏻🙌🏻🙌🏻,,
다른지점에서도망고스무디를먹어봤지만 이렇게망고맛이약하고스럽맛만나는ㅡㅡ맛없는스무디는 실망스럽네요,,
위장장애환자에겐 공차가 좋아요,,
항상 펄 추가해서 먹습니다,,
망고스무디 맛있어요,,
얼음 less시켰는데 얼음이 많았음ㅜ,,
공차 좋아요,,
빨리 나오고 맛있어요,,
맛있어요! :),,
달달하니 맛있네요,,
늦은시간에 가니 타로 파우더가 솔드아웃이더라구요 ㅜㅜ,,
너무 단거는 안 좋아해서 당도 70으로 했는데 너무 밍밍하고 맛 없었어요,,
너무 밍밍해요...,,
공차 말해뭐해,,
늦게까지 열어서 좋아요,,
좋았어요ㅎㅎ,,
정말 빨리 만들어주세요.,,
맛있어요 ㅜ ..,,
우롱 먹으러 갔는데 없어서 블랙 먹었지만 맛있었어용,,
엄청 빠르심~~,,
자주 이용해요,,
오랜만에 먹는 타로 버블~~~,,
요즘에 빠진 공차커픠,,
깔끔하고 좋아요,,
베스트메뉴는 믿고 먹는!,,
알바 혼자일할때도 많아요,,
"오늘은TDAY 공차2개4,400원
와우!!",,
공차는 언제나 옳지요,,
좋아여,,
공부하기 좋은 듯?!,,
피스타치오 너무 맛있어요!!!,,
타피오카 쫄깃쫄깃 좋아요,,
흑임자 스무디 궁금해서 먹어봤는데 맛있었다 ㅎㅎ,,
곡물맛 좋아하는 분이라면 추천~~,,
맛있서용~~,,
오오옹,,
당도가 적어서 좋아요,,
맛나게 먹엇어용,,
망고요구르트맛있어요,,
좋음.,,
공차 맛있어요!,,
망고 요쿠르트!!!!,,
망고스무디는 공차가 👍,,
품절된 메뉴가 너무 많아요,,
맛있어용~~^^,,
골든펄 맛있어요,,
공차 존맛 사랑,,
서울숲점 맛있어용,,
딸들이 너무 좋아해서 자주 먹어요~,,
여기 최고최고 신메뉴 나왔다길래 왔어요,,
진짜 기대되네,,
납작복슝아스무디💶💖,,
맛있아요!,,
하니 저도 잘 몰라요~,,
엥 ㅇㅅㅇㅋ,,
우롱차 조와요,,
공차 맛있어요,,
손님이 많은데도 메뉴가 빨리 나옵니다,,
수고하십니다,,
배달빠르고 맛있어요~,,
쏘쏘해요~~~,,
공차맛있어요,,
그릭요거트 존맛탱,,
"화장실 휴지, 비누 없어서 아쉬워요",,
그냥 공차 별다를것없음.,,
서울숲역과 뚝섬역 사이,,
"밤하늘의
펄~ 쫀득 ㅋ",,
당도0으로 했는데도 달아요~,,
가기 편해요,,
이번꺼 맛있게 잘 먹었어요,,
물탄느낌많이듬,,
좋아요 ㅎㅎ,,
펄 양이 다른 지점보다 적어요,,
역시 맛있어요,,
펄 양이 다른 지점에비해 적어요,,
다른 프랜차이즈보다 키오스크가 편해용!,,
커스텀도 다양하고 좋습니다-,,
앞으로도 계속 갈 예정입니다.,,
실패없는 대기업의 맛,,
배달되니  편하네요,,
"그냥 so so
바빠서 그런지 걍 대충대충",,
민초 스무디 짱맛,,
공차는 맛있다,,
무난한 공차,,
"공차는 역시👍 
초당옥수수 시리즈 맛있어용 ㅎㅎ",,
알로에 넣어드세요,,
공차 조아!,,
여기는 펄도 많이 주셔서 더 조아요!,,
"짱 좋아요
ㅡ",,
진짜맛있다구..,,
마싯어여~~~,,
잘 먹을레요 박완규씨,,
굿굿맛있어요!,,
긋!,,
할인받았어용,,
이때는 맛이...,,
다 너무 밍밍한 맛,,
🌝,,
맛있어서 벌써 먹어버렸어요,,
요요용,,
서울숲 열심히 걷고 당충전 완료!,,
퇴근  늦어서  문 닫을까봐,,
ㅠ맨날 먹고 싶을때  뛰어서 퇴근해요 ㅋㅋㅋㅋ,,
부자되실거에요!!,,
항상  감사합니다,,
맛이좋아요.,,
공차 즐겨먹습니다.,,
원쁠원 좋아요:),,
짱 맛나게 먹았심다,,
말해뭐해요...,,
짱맛,,
별로에요,,
당연히 빨대며 홀더도 안줬습니다.,,
공차 너무 맛있어요,,
잘 먹었습니다,,
아주좋아요,,
아 물론 짭조름한 맛이 괜찮다면요,,
역시 공차 너무맛잇읍니당,,
펄이 진짜 맛있어여^^~,,
빨대ㅠ안챙겨주심,,
배달도 빠르네요,,
단골,,
공차 너무맛이ㅛ어요,,
쏘쏘..(,,
공차는 언제나 맛나쥬?),,
버블티 맛나요,,
또 올게요//,,
공차 오랜만,,
좋아요~~~~~~~~~♡♡♡♡♡♡♡♡♡♡♡♡,,
너무 잘먹었습니당,,
공차가 공차했네,,
다른지점보다 펄이 맛있어요,,
무난합니다.,,
쿠앤크초코스무디 맛있어요 ㅠ,,
알바생은 펄을 조금만 넣어줘서 너무 아쉽,,
걍 체인점 맛남,,
맛운 먹어본 공차 지점중에 탑에 듭니다!,,
그래도 맛은 짱,,
맛있어요 :->,,
공차는 언제나 맛있어요,,
괜찮아요.,,
쏘쏘~~,,
굿 서울숲갈때 좋아요,,
밥 먹고 후식 이요.,,
여러분이 아는 그 공차입니다.,,
키오스가어렵,,
가게 깔끔하고 맛 괜찮습니다,,
청포도스무디+알로에 조합 최고,,
"#블랙밀크티+펄J
레귤러아이스 당도50%
핵꿀맛",,
다른 지점에 비해 씁쓰름한 맛이 셉니다.,,
완전 추천합니다~,,
괜찮아요~~,,
공차는 늘 맛있습니다 :),,
공차좋아해요,,
처음 먹어 본 단짠단짠한 밀크폼이 맛있어서 깜짝 놀랐다,,
단짠단짠한 밀크폼은 맛있다.,,
아아,,
😚🍂🤎,,
"지나가다 
꼭 들러보고 싶었던 카페에요!",,
"찐한 에쏘와 우유의 조화가
너무 좋네요",,
프렌치토스트는 꼭드셔보세요,,
친구가 추천했어요,,
성수에 오면 꼭 오게 돼요.,,
약간 무심한?,,
플랫화이트 찐하고 맛있어요!,,
성수 느좋카페  서칭하고 왔어요,,
굳!!!,,
맛있습니당!!,,
완전 분좋카...,,
너무 맛있어요!,,
다음에 또 올게요!,,
강아지랑 동반이라 좋아요,,
맛있어용!!!,,
"🍓🍰
사진 찍기에도 딱 좋은 카페라 친구들한테도 추천합니다!",,
말차테린느가 정말 맛있어요  ~~ ^ ^,,
또 올게요!!,,
아아랑 플랫화이트가 맛있어요!,,
맛있게 잘 먹고 갑니다!!,,
🥹🥹,,
잘 즐기다 갑니다,,
엄청 부드럽고 폭신폭신 최애 프토가 됐어요♥♥,,
점심시간에 오기 좋아요 ㅎㅎ,,
맛있게 잘 먹었습니다~~!!,,
직장 근처인데 또 오려구용 ㅎㅎㅎ,,
치즈테린느 강추드립니다..,,
너무 달지않고 맛있어욤,,
느낌 너무좋고 일단 토스트가 너무마싯어요....,,
테린느도 맛있고 잠깐 쉬다가기 좋아요!!,,
뚝섬에 온다면 또 오고싶습니다 ㅎㅎ,,
성수에서 카페 찾으신다면 스테포스트 꼭 추천드려요,,
매우 맛잇음,,
프렌치토스트 부드럽고 촉촉하고 넘 맛있어요 !!,,
변우석카페 저도 탑승했어요!!!ㅎㅎㅎ,,
",,,하핳ㅎㅎ",,
오렌지 소르베 강츄츄,,
#협찬,,
직장 동료와 찾은 스테포스트.,,
완전 맛있네요!!,,
🤤🤤,,
진짜 테린느 맛집!!!!!!,,
테린느 맛집으로 저장 꾹 🤎🤎,,
독특한 메뉴가 많아요 ~~~,,
노래도 제 취향이어서 좋았네요 ㅎㅎ,,
감사합니다!!,,
날 좋은 날에는 야외 자리에도 앉고 싶은 카페에요!,,
시원해요,,
맛있습니다~,,
맛있더욤,,
💗🫳🏻,,
미니 테린느도 너무 맛있어요!,,
담에 또 오고싶어요~,,
#오렌지레몬소르베,,
🍊🍋🍧,,
감성죽여주는 카페임니다!,,
따봉,,
👍🏻👍🏻 다음에 또 올게요,,
크레마쵝오~~,,
맛있어서 자주 와요~,,
독특한 메뉴가 많습니다!,,
꼭 추천합니다,,
피그누아르 진짜 맛있어요!,,
테린느 말차 엄청 꾸덕하고 맛있어요,,
완전 맛있어요 !!,,
💖🥳🥳,,
음료수도 너무 맛있고 역시 프.,,
토 맛집..,,
😍 맛있어요,,
👍🏼👍🏼 흑임자 좋아하시면 흑임자도 추천!!,,
맛있게 먹을께요~♡,,
프렌치토스트 최곱니다!!!,,
커파 맛집이에여,,
들어왔어요~,,
무화과 향이 좋아요:),,
소르베 너무 맛나요,,
성수동에 친구랑 놀러왔다가 들렀어요!!,,
💛💛,,
엄마랑 언니랑 왔어요,,
맛있게 먹고 갑니다 !,,
😘👍👍,,
리뷰이벤트 쓰고 추첨도 해보세요,,
저는 4등,,
"성수카페 뚝섬카페
배우 변우석도 다녀간 스테포스트 성수~!!!",,
성수 핫플이래서 왔어요,,
맛있고 빨리나와요!,,
프렌치 토스트 너무 맛있음,,
편히 쉬다 갑니다!,,
여름에 잘 어울려요!!,,
테린느가 너무 맛있어요 ㅎㅎ,,
또 올게요ㅎㅎ,,
프토 추천합니당,,
따뜻할때 먹는 프토란...,,
☺️🍞🧈💛,,
굿~~~~,,
딸이랑 데이트 왔어요^^,,
변우석이 다녀간 카페라고하네요~~ㅎㅎ,,
너무 맛있게 먹고 딸이랑 좋은 시간 보냈어요^^♡♡♡,,
♨️👍🤙🏿,,
재밋는 뽑기 이벤트까지 !!,,
"경품 뽑은 미니 테린느
넘.",,
귀,,
여전히 너무 너무 맛있습니다.,,
인생 프렌치 토스트 만나서 좋네요.,,
느낌좋은 카페라고 저장했었다가 드디어 오게되었는데 기대이상으로 너무 좋아요,,
크로플이 너무 맛잇어요,,
🤍💗❤️,,
다음엔 남자친구랑 오겠습니다,,
프렌치토스트 맛있어욥!!!ㅋㅋㅋ,,
예전부터 오고싶던 카페!,,
존맛탱,,
느좋이에요,,
와보니 역시나 실망시키지 않네요.,,
#성수동카페,,
회사 동료분들이랑 점심먹고 산책하다가 들렀어요!,,
진짜 맛있어요.,,
좋아요!ㅎㅎ,,
🫰🏻,,
🤍🍞☕️,,
사진이 잘 나와요,,
치즈테린느도 맛있어요!!!!,,
"기대하고 땀 뻘뻘 흘리며 도착했지만
음..",,
그럴 거면 직접 가져가게 시키시지 ㅎ..,,
생각보다 아담해요!!!!!,,
옹 대화하기 딱 조음!!,,
프렌치토스트 당충전 빵빵되는 맛..!,,
프렌치 토스트 맛있어용,,
🐶,,
전부터 와보고싶었던 카페인데 걸어오는길이 너무 덥고 습해서 조금 힘들었는데 들어서자마자 너무 시원해서 기절하고싶었어요..,,
담에 또 오고싶은 카페A yo-!,,
brrrrrr~~~ skrr.!,,
☕️🤍,,
친구랑 놀러오기 좋은카페!!,,
처음 와봤는데 맛있어요><,,
너무 좋네요~^^,,
친구들 데리고 와본 카페에요,,
맛있는 메뉴가 많아요!,,
자주와요,,
성수 느좋 카페!!!,,
더워서 산뜻한 메뉴 골랐는데 상큼하고 여름에 잘 어울리는 맛이에요.,,
휘휘 저어서 먹으면 금방 녹으니 그냥 드셔야 맛있어요 ㅎㅎ,,
느좋카페.,,
매번 지나치기만 하다가 먹어봤는데 맛있고 좋으네오 ..,,
☺️☺️,,
데이트 때 오는 것을 추천!!,,
프렌치토스트 개맛잇어요ㅜ,,
바깥 자리도 날씨 좋으면 앉고싶어요,,
🥰🤍,,
뚝섬 미술관 가는길에 카페 찾다가 왔는데 너무 좋아요!,,
날씨 좋을 때 힐링하기 좋은 느좋 카페 🤍,,
🤤🤤🤤😘,,
성수 갈 때 꼭 오고싶었던 카페여서 왔습니다!,,
그래도 야외 테이블이 많아서 좋습니당,,
🫀,,
프토 먹으러왔어요!!,,
많이파세요,,
👏🏽🤎,,
스테포스트 브라운 정말 맛있네요!!,,
"성수동 지나다니면서 몇번 와보고싶었는데
만석이라 실패했는데 
평일 점심시간 이용해서 드디어 와봤어요!",,
🔥👍,,
"스테포스트 브라운,블랙 둘 다 너무 맛있어요!!",,
출근전 오픈런으로 갔어용,,
다들 행복하세욥,,
😉❤️,,
!~!!!!,,
프토 진심 미쳤어용,,
😊😊😊😊,,
리뷰이벤트 당첨되서 맛있게 잘 먹고가요 !!,,
프렌치토스트 존맛 ㅠㅠㅠㅠㅠ 🥹🥹🧡🧡,,
프렌치토스트 찢읐다...,,
1초만에 순삭했어요..,,
"🤤
또 먹으러 올래요..",,
지나가다가 갬성이 좋아서 들렀는데 맛도 좋네용!,,
굿굿입니다~,,
프토 너무 맛있어요,,
그리고 프렌치 토스트도 부드러워서 자꾸 생각나욤,,
테린느가 너무 맛있어요,,
성수 느좋카페...,,
지나다니면서 항상 궁금했는데 드뎌 가봤슴당,,
진짜 너무너무 맛있어요ㅠㅠ,,
우석이 보고싶어요!!,,
성수 느좋카👍🏻,,
강추 ♥️,,
다음에 또 서울 놀러오면 올게여,,
🫠🤍,,
아기 옷 사러 나왔다가 애기엄마들 스트레스 풀러 잠깐 들렸어용 ◡̈,,
다른메누 먹어보러또올게옹,,
실내 에어컨이 빵빵해서 시원해서 좋아요!!,,
처음 와봤는데 맛있어요~!,,
스테포스트 브라운 두 잔시켰어요!,,
미친 너무 맛있다.,,
. .,,
.🤎,,
😄☺️,,
프렌치 토스트 드디어 먹어보네요ㅠ,,
인스타감성카페예용 조아요,,
담에 또올게용,,
맛있어영!!,,
맛도최고 성수동.,,
또오자,,
너무 맛있어서 먹다가 찍네요ㅎㅎ,,
성수에서 최고 카페입니다,,
와 미친 테린느 진짜 맛있어요,,
다들 드세요ㅠㅠ,,
특히 야외자리가 아주 한적하고 좋아요,,
💕👍,,
맛도좋아요,,
다음에 또 올께요!!,,
오늘은 날이 흐린데도 넘 좋아요!,,
자주오고싶어요,,
"프토시켰는데 기대하는중~~
맛있었음 좋겠어용",,
😗,,
날씨도 좋고 꼭 오고 싶었던 카페 와봤어요!!,,
야장의 계절이 왔네요 :),,
잘 쉬다 갑니다~̆̈ ~̆̈ ~̆̈,,
💆‍♀️💆‍♀️🤍,,
앞으로 자주자주 와야겠어요!,,
토스트도 강추합이다!,,
🫶🏻 거기에 메이플 시럽까지 곁들여 먹으면 아주 최고 !!!,,
🤍🪽,,
🥨 ₊🥛꙳ . ꒱,,
요즘날씨에 너무 좋아요!,,
잘먹엇습니다,,
느좋카페!!,,
프렌치토스트넘마싯어용!!!!!!,,
😚☕️,,
프렌치토스트 먹으러 왔는데 역시 시키길 잘했어요,,
날씨 좋은 날 맛있게 잘 먹구갑니다,,
"🤍
배 셔벗에이드 시원해요오",,
특이하고 좋아요,,
"❤️
네이버 지도에 저장 ✨",,
다음에 지나가다가 또 들러볼게요~,,
점심먹고 유명해서 와봤어요~,,
힐링🫶,,
추천😍,,
리뷰이벤트 하세요 님들,,
☺️🍀,,
날이 좋아서 야외자리 앉기 좋아요!,,
서울숲 근처 오시면 한 번 들려보세용,,
완전 느좋카페!!ㅎ,,
성수 지나다가 본 카페 나중에 가야지 하다 드디어 왔어요 ^^,,
"왕,, 성수동에서 젤 느좋카페 드디어 와봤다",,
🥰🥰🥰 일단..,,
느좋카페 찾으시면 꼭 와보세용,,
성수동 답게 핫플카페!,,
"❤️
크로플맛집!!",,
날씨 좋은 날 바깥에 앉을 느좋카페 찾다가 왔어요!!,,
맛있어용ㅎㅎ,,
"느낌굿 카페
테린느가 짱맛이에용",,
스테포스트..,,
감다살 카페 입니다,,
"날 좋을 때 오시면 
아주 굿 입니다",,
다들 인생샷 건지고 가세요 ㅎㅎ,,
봄날씨에 딱인 카페입니당,,
😊😊 배지도 넘 귀욥,,
시그니처메뉴도 맛있네요,,
느좋카페에요,,
많은 이유가 잇네요 !!,,
🌸🌸,,
✨️ 깔끔해서 좋아요!,,
"성수 어심 와보시길
참 강아지동반되어서 넘좋아요",,
성수쪽 카페 찾고 계신다면 스텝포스트 와보세용,,
야호!!,,
️☕️다크함과 산미의 밸런스가 좋아요!,,
🤗🩵💭,,
뚝섬 성수 오시면 추천해용,,
소르베도 상큼하고 기분 좋은 맛이에요!,,
🍊🧡,,
오렌지셔벗에이드 맛있어요,,
프렌치토스트 맛잇네여,,
요오옹~~~🤍,,
너무 감사합니다,,
🫰🏻💗💗,,
여기 햇살 맛집이에요..,,
남들한테 알려주기 싫어요!!!!,,
나만의 카페 하고싶음..,,
해 잘 들고 맛있어요!,,
테린느 맛있어요♡♡,,
나중에 또올게용,,
항상 자리가 없어서 못왔었는데 드디어 왔습니다,,
특히 제 원픽은 크로플❤️ 와 진짜 스테포스트 오시면 무조건 크로플 드셔주세요..,,
"변우석이 다녀간 뚝섬, 성수동 카페!",,
서울숲 오시는 분들 여기 추천드림니다~~,,
샤케라또를 스테포스트에서 처음 먹어봤는데 너무 맛있어요,,
🤎🤎,,
테린느 처음 먹어보는데 너무 맛있어요!!,,
프렌치토스트 맛있었어요~,,
스테포스트 블랙의 흑임자가 고소하고 맛있네요~~,,
변우석 배우님 인스타 보고 간 스테포스트.,,
자만추하길  바라며 ㅎ ㅎ,,
시그니처메뉴 스테포스트브라운 먹었어요~,,
변우석배우님 다녀가셨다니 한번와봤어요,,
덕분에 좋은 시간 보냈어요:),,
메뉴도 너무 다양하고 자주 올게여 도장쾅쾅!,,
자리도 쾌적하네요^^,,
자주 오겠습니당,,
나만의 느낌 좋은 카페를 찾은 기분😌,,
찾았다,,
성수 느좋카페...!,,
non coffee 메뉴도 다양해서 좋아요,,
데이트하기 좋습니당,,
데이트 하기 조아요,,
잘 먹고갑니다~!!!,,
또 올게요,,
🩷🩷🩷,,
🥹🤍,,
데이트하기 좋아요,,
"😍 
흑설탕 달고나 너트류 아로마 좋아하는 분 께 강추입니다",,
패션후르츠+망고몇개,,
점심시간에 자주 오는 카페에용!,,
"아아 한모금 먹었는데 깊고 진하면서 쓰지 않고
맛있음",,
👍🏻🙂‍↔️,,
앗🫶🏻,,
진짜 맛있었어요!,,
"🥲
평일에 종종 갈게요-!",,
주방과.,,
홀이.,,
성수산책하다 더울때 잠시 쉬어가기좋아요,,
회사 근처라 자주 갈 듯해요,,
가게도 깔끔하니 좋습니당,,
💛 다음에 또 올게요,,
여유롭고 힐링하니 좋네요!,,
완전 추천!,,
지나가는 길에 카페가 눈에 뛰어서 들어갔어요~!,,
유니크하고 좋아용!,,
추천추천!,,
"급 들어왔는데, 마음에 들어요!! :)",,
스테포스트 브라운 강추합니더,,
감사합니다!!!!,,
새로 생긴 카페예요!,,
번창하세요~~,,
🌷🌸,,
"핫한 성수동 카페 
넘넘 맛있자나용 ㅠㅠ 
크레커 솔드아웃 실화?",,
담에 빨리와야겠어요 ㅋㅋㅋㅋ,,
너무맛있어요…….,,
Love itt,,
의 강아지도 너무 귀여웠구...(,,
귀요미 감상하느라 사진은 못찍..ㅎㅎ),,
더위를 피하기 너무좋다 +,,
고로 완벽하다.,,
다들 일로와,,
여기 한적하니 아주좋아요ㅠㅠ!,,
🍰☕️,,
항상 성수동 오면 들리는 카페!,,
햇살 맛집 카페✨,,
날씨좋은날 야외에 앉으면 성수갬성 굿굿,,
스테포스트 브라운..,,
이 동네 살았으면 자주 왔을듯 합니당,,
다음에 또 오고싶어요,,
또 올게요!,,
두둠칫 행복한 저녁 💖,,
자주 올게요.,,
👍😆,,
또 갈 예정이애,,
"👍🏻
자주 오겠습니다~~",,
☄️☄️,,
또 먹으러 올게요,,
다음에 또 올게여~~~,,
다음은 카야토스트 먹으로 와야겠네요 ㅎㅎ,,
스테포스트 브라운 맛있습니다.,,
다음에 또 올게요,,
잘 이용하고 갑니다ㅎㅎ,,
"😊
앞으로 자주 올게요!!",,
카야토스트도 맛도리,,
💞 자주 올게용,,
자주 올게요 번창하세요,,
다음에또 올게요!!,,
감성 테이블이라 개인적으로 먹기 불편합니다,,
스태포스트 블랙 꼭 드셔보세용 !!!,,
낮에 와봤는데 해지는 밤에도 궁금해지네요,,
근데 그렇다고 맛있지도않고 애매한 ...ㅠ,,
.스테포스트라떼가더괜찮네요..,,
담에 오면 러스크도 먹어봐야징~~~ㅎㅎ,,
대박나세요^^,,
먹어본 크로플 중에 바삭함 최고조👍🏻✨ 제일바삭해 라며 먹었습니다.,,
🌱,,
🫶🏻 모두 드셔보세요ㅠㅠㅠ,,
☺️💓,,
😊😊,,
오픈 축하드립니다,,
👍🏻🌱,,
오랫만에 성수와서 커피숍 찾다 들어왔는데요.,,
카페 찾다 발견했는데 자리도 많고 대화하기도 편해서 너무 잘 쉬다가요ㅠㅠ💛💛,,
성수 구경하다가 들어와봤어요~!,,
좋아요~!,,
성수동 놀러 왔다가 들어 왔는게 시그니처 메뉴가 많네요^^,,
구테로이테 너무가고 싶었는데 이제야 와보게 됐네요,,
명성 만큼 너무맛있었습니다!!!,,
맛있어요 !!!,,
너무 맛있어서 사진찍는것도 잊었어요,,
카페인+당충전,,
지인이랑 왔는데 성수 느낌 가득해요,,
🌈,,
성수동 나들이왔는데 우연히 들어왔는데 마음에 듭니다,,
잘 먹었습니당~~~,,
지나가다가 홀린듯이 들어왔는데 맛있게먹고 갑니다 ~~,,
엄마랑 동생이랑성수동 왔다가 카페찾던중 다른카페 여기저기 들렸다,,
답답하고 마음에 안들어서 나왔는데 여기는 크고 답답하지 않고 깔끔하고 마음에드네요,,
장소가 좋아서 편하게 놀다갑니다 :),,
아이 손에 끌려왔는데 잔 찾은 듯합니다,,
덕분에 잘 쉬다갑니다,,
💗💗💗,,
시그니처 스톤 슈페너 꼭 드셔보세요!!,,
좋와요.,,
🌿😊,,
🍰🍰,,
따뜻하게 데워주셔서 잘 먹었습니다.,,
겉바속촉👍,,
제 원픽은 스톤슈페너 입니다,,
매우 👍,,
민트가 향이 엄청 좋았어요,,
사진은 풀랫화이트에요.,,
잔이 뜨거워서 ㄷㄷ 하지만 진ㅋ자 진하고 맛있었어요,,
향과 맛이 좋내요,,
"로즈뱅쇼도 달큰하니 맛있고, 아메린카노도 깔끔합니다.",,
🫶👍,,
비가 오는 날 성수와서 고생하다가 들렸어요,,
에스프에서 종류가 많아서 좋아요,,
성수 오면 또 들릴게요!,,
"⭐️⭐️⭐️⭐⭐️️ (5/5)
성수 구테로이테 키친에서 간단히 저녁 먹었어요.",,
케잌 종류도 많은데 올때마다 많이 품절이라 아쉽네요 ㅠㅠ,,
"한입 먹는 순간~와^^
고소하고  맛있어요",,
메뉴 선택 너무 잘 했어요♡♡,,
다음에도  또  올래요~~,,
특이하고 저는 맛있네요.,,
성수오면 많이 가는 카페입니다!,,
대화하러 오기 좋아요~,,
너무.,,
맛나네요~~,,
꼭.,,
다음에 올께용~~,,
파인콘 부드럽고 맛있어요,,
😀😀😀,,
독특한 메뉴들이 많아요!,,
추천추천,,
너무 맛있네요.,,
다음에 또 올게요~,,
말차오렌지에이드 특이하고 맛있어요!,,
.ᐟ,,
잘먹었습니다~!,,
다음에는 토르테도 먹어볼게요!,,
🤭🤭,,
메뉴 독특하고 맛잇어여!!,,
인생커피집이라고 생각해서 정말맛있습니다!,,
왜 이 카페를 몰랐나싶어요,,
아주 추천합니다,,
테이크아웃하면 할인 돼요,,
카페크레마 너무 맛있어요.,,
그라니따 너무 맛있어요 !,,
식후 입가심으로 시킨 구테로이테 시켜봤어요,,
따로 한입씩 맛보다가 같이 먹는 재미도♡,,
올때마다 넘넘 맛있어요,,
감사합니다 >__<,,
핫초코도 찐하구 맛있어용,,
.,,
맛있네요,,
맛있게 잘 먹었습니다 ~~,,
잘 먹었습니다! ㅎㅎ,,
이미 다 먹어버려서 사진을 다 못찍었네요 ㅎㅎ,,
다시 찾고 싶은 카페!,,
친구들과 모임하기 좋습니다.,,
그라니따가 너무 유니크해요.,,
오늘은 gute Leute coffee bar에 다녀왔어요.,,
특히 위에 살짝 올려진 설탕 크런치가 식감까지 책임져줘서 특별했어요.,,
그라나따 먹으러 또옴,,
맛있어용 ~~~,,
두둑히 사서가네요 &^,,
또 와야겠습니다 ㅎㅎ,,
성수동 데이트하시는분들 강추드립니다!!,,
저는 시즈널 그라니따를 제일 좋아해요.^_^,,
그러니까 꼭 드셔보세요!!,,
너무 맛있숩니다,,
모두 행복하세요~!!,,
성수 오면 여기를 안 들르고 지나갈 수가 없습니다.,,
다른 데서는 먹고 싶지 않네요.,,
성수오면 꼭 추천해주고싶어요!!,,
성수지나가는길에 발견하고 오랫만에!!,,
여전히 맛있는!!!!,,
카페도 크고 좋아요.,,
무심코 들어왔는데 여기가 핫플이였네요~,,
에플망고그린에이드는 색도 맛도 특별하네요~^^,,
너무 맛있네요~,,
진하고 고소해용,,
"성수동 아이들과 놀러와서
지나가다 들러본 맛집
데이트하기 좋고 크라상도 아인슈페이너도 맛잇는 맛집에요^^",,
번잡하지 않고 깔끔합니다,,
견과류가 기간이 오래지나거나 신선하지 않을때 나는 그 특유의 쿱쿱한 향?,,
"이 강해서
처음부터 끝까지 먹는 내내 땅콩비린내가 나서 좀 아쉬웠네요",,
저는 다시 다른 메뉴 도전!,,
유자차 JMT입니다!ㅎㅎ,,
물론 맛도 좋습니다,,
스톤슈페너 완전 맛있어요~!!!,,
유자차도 강추,,
리뷰 작성 안하려다가 너무 맛있어서 씁니다!!,,
사진찍기전에 다 먹어버려서 사진이 없어요 ㅠ,,
성수동 오면 여기만 와요,,
정말 맛있어요!!!,,
다음에 또올게요.,,
성수동 핫플 소개받아왔어요 ㅋㅋㅋ,,
성수오면 또 올게요!,,
행복합니다!,,
"사진 먼저 찍었어야 됐는데 
생각보다 양도 많고 맛있어요",,
맛있고 시원한 ~~,,
성수의 늦은 시간에 대화하러 오기 좋아요.,,
그라니따 생각보다 더 시고 잘어울렸음.,,
시원하고 깜끔함,,
친구랑 같이 왔는데 얘기하기 좋은 장소입니다~~!!,,
노멀 클래식 코스 너무 취향저격이에요~,,
성수오면 무조건 들립니다.,,
다들 🚨🚨🚨🚨🚨🚨,,
회사 앞 카페예요!!,,
특히 초코 꾸덕함 미쳤어요!,,
😊☕✨,,
◜o◝,,
💚💚💚,,
"본점이 회사 앞이었어서 거의 매일 갔다가 퇴사하고는 못 갔는데, 성수 왔다가 반가운 마음에 오랜만에 오네요ㅎㅎ",,
좋습니당,,
#성수맛집 #성수소금빵 #구테로이테 #성수카페,,
그리고 사진맛집이에요,,
대형카페 추천!,,
다른 것도 먹어보고 싶어요.,,
성수동 나들이 나왔다 우연히 들렀어요..,,
"믿고 오는 구테로이테♡
선릉점이랑은 또 느낌이 다르네요",,
굿굿 ㅎㅎ,,
더운 여름에 잘 쉬다가요!,,
파인콘 꼭 드셔보세요^^,,
😊👍,,
🌿,,
늘 이용하는 카페입니다!,,
더워서 땀 식히러 들어왔는데 너무 좋네요 ㅎㅎ,,
아인슈페너가 진짜 맛있어요.,,
프랜차이즈랑은 비교 불가.,,
"그게 진짜 맛있어요, 조그만한 각얼음도 같이 들어오구요!!",,
편하게 쉬기 좋네용~~,,
"본점이랑 언주역에서 이용해보았는데
성수센트럴키친점은 처음이네요",,
잘 식히고 갑니다,,
다음에는 시그너쳐 6종 코스를 즐겨보려고요,,
"😆
다음에 또 오고 싶어요!!!!!!!",,
너무 좋아요^^,,
맛잇어요!!,,
성수오면 항상 들립니다,,
아내랑 성수동에 놀러 왔다가 잠시 앉아 쉬다갑니다.,,
너무 바쁘신데 감사합니다,,
구테로이테~!!,,
여자친구랑 왔는데 정말 좋았어요!,,
시원하고 깔끔하고 정말 깔끔 !,,
"적당한 고소함이 느껴지고, 산미는 강하지 않다.",,
다만 저녁에 오니 베이커리류는 없었어요,,
간 얼음이라서 너무 좋네요,,
달달구리 딱조타,,
서울에 휴가왔다 들린 까페인데요,,
처음 먹어본 그라니따 굿~~,,
🎃,,
아포카토 맛있어요 !,,
성수 카페는 꼭 여기 와요,,
습한 여름에 상큼하게 먹기 좋아요!,,
🍹,,
사진 찍기도 좋아요,,
시원하게 먹고 시원하게 머물다 갑니다.,,
👍🏻👍🏻💙💙,,
색다릅니다,,
성수동에 오시면 꼭 들려보시길 추천드려용~~,,
아주 하트하트하게 맛있네요,,
성수 올때마다 들려요,,
밍밍해요,,
전체적으로는 그닥..,,
구테로이테 생각보다 너무 맛있어요!,,
요즘 성수 오면 이 카페만 옵니다,,
오랜만에 구테로이테!!,,
맛도리,,
💙💙💙💙,,
아인슈페너 진짜 맛있었습니다.,,
근처 팝업스토아 왔다가 우연히 들렀어요.,,
맛은 더 합격!,,
"🥹
오랜만에 여유로운 시간 보내고 왔어요.",,
강추에요!,,
아이들도 좋아해요^^,,
겉은 바삭하고 속은 쫀쫀해서 식감이 정말 좋았어요.,,
더위 피해 들어왔는데 1도 안시원해요...,,
성수 팝업 나들이 왔다가 들렀는데 시원하고 대화하기 좋아요.,,
너무맛있어요 !!,,
단골입니다~,,
여름에 더위 먹을때 한잔하면 개꿀..,,
무더운 날씨에 그라니따 레몬소르베 먹으니까 너무 입가심되고 맛있어요!!,,
깔끔하고 너무 좋아요,,
항상 눈여겨보다 와 본 구테로이테!!,,
넘 맛있어요!!!,,
리치에이드 강추ㅎㅎ,,
언제와도 맛있는 구테로이테👍,,
3^,,
구테로이테 본점 만큼 맛잇어옴..,,
초코모카토르테 도 적당히 달고..,,
냠..,,
좋아오,,
아이랑 성수동에 놀러왔다,,
"우연히 들르게 된 카페인데, 기분 좋은 시간을 보내고 갑니다.",,
원래 계획엔 없었는데 근처를 지나던 중 잠깐 쉬려고 들렀어요.,,
덕분에 잠깐의 휴식이 제대로 힐링이 되었네요.,,
다음엔 다시 오고 싶어요.,,
더운날 휴식 취하고 싶을 때 추천합니다.,,
추천합니다!!,,
클래식 코스라는 메뉴를 처음 접해봤는데 너무 신선하네요!,,
서울 나들이와서 먹었어요,,
아이랑 같이 와서 맛있게 먹고 가요!,,
여름엔 그라니따!!,,
코코넛 그라니따 완전 취향저격이고 베이커리도 다 맛있어요^^,,
강추입니다.,,
여기 롱블랙이 찐이에여ㅠ,,
요새 많이 보이는 구테로이테 !!,,
역시 맛이써..,,
전국 구테로이테 도장깨기 중입니다 ㅎㅎ,,
코코넛 그라니따 시원하게 꼬옥 드세요ㅠ,,
💖🥹,,
"처음 먹어본 ""코코넛 그라니따"" 묘하게 맛나네요",,
강추^^,,
"🥰
추천합니다.",,
good!!,,
사진도 잘 나왔어요~,,
히비스커스 / 그라니따(레몬소르베) 강력추천,,
카피기 유니크하고 맛있어요~~!,,
카페가 너무 춥지 않아 좋아요,,
그라나따 맛있어요,,
너무 맛있고 시원하고 친구들과 이야기하기 좋았어요!!,,
그라니따는 굉장히 상큼해요,,
요즘같이 더운날 먹기좋아요,,
카페크레마는 달달하니 맛있어요,,
추천!!,,
시원해서 여름에 최고!,,
좀…,,
혼자왔는데 쾌적하고 좋이요💜,,
항상 맛있게 먹습니다 ㅋㅋㅋㅋㅋ,,
점심때 먹으면 오후 일이 잘됩니당,,
친구랑 같이 와서 너무 좋은시간 잘 보냈습니다~~,,
여전히 쾌적하네요.,,
길 가다 들렸는데 생각보다 더 맛있네요~,,
여친한데 여기 추천했는데 점수 얻었습니다!!,,
시그니처메뉴들도 다 맛있어요,,
일상의 해방감 너무 좋았습니다,,
맛있게 잘먹었어요,,
너무 맛있었어요.,,
구테로이테 짱맛!,,
성수에서 걷다가 더워서들어왓는데 너무맛있네요,,
"상큼하면서도 무더운 날씨에 딱 어울렸고, 개인적으로 정말 취향저격이었어요.",,
"더티초코롤은 진한 초코맛이 매력적이었고, 롱블랙과 함께 먹으면 밸런스가 괜찮아 잘 어울렸습니다.",,
맛있게 잘 먹고 이야기하고 즐거운 시간이었어요~^^,,
맛있는 에쏘 만들어주셔서 감사해요!!,,
여름에 그라니따 최고!,,
걷다가 너무 습하고 힘들어서 들어왔는데 좋아요 !!,,
🫶🏼🫶🏼  특히 비고 오고 더운 여름에 잠시 휴식을 취하다 가니 정말 좋았어요!!!,,
💫💫💫,,
구테로이테 그라니따를 정말 조아합니다 ㅎ,,
시그니처 메뉴는 꼭 드셔보세요,,
특이한메뉴도 많아요,,
지나다닐때 부터 궁금했는데 들어오니 더 좋앙,,
운 좋아서 멍뭉이도 쓰담쓰담 해주고 갑니다,,
시원하고 한적해서 좋아요!!,,
성수동   놀러 왔다,,
검색해서 찾아왔는데 정말 마음에 듭니다,,
아이들과 더운 날씨에 시원하게 한잔하러왔어요,,
시그니처 메뉴인 파인콘 추천해요!,,
화장실 상태 별로.,,
역시 너무 맛있어요.,,
"크레이프 맛있어용
스톤 슈페너 흑임자 너무 달지 않고 맛있어요",,
화이팅🌿,,
널찍하고 여유잇어 좋아요.,,
콜드브루도 향이좋네요,,
길가다 홀린듯 들어왔어요!,,
시원하고 좋습니다,,
그라니따 강추하고 롱블랙도 굿굿!!,,
그라니따 독특하고 맛있어요!!,,
에스프레스 맛집 좋아요 ㅎㅎ,,
강아지도 되서 좋아용,,
새로운 메뉴라서 오더했는데 맛있어요,,
검색해서 들어왔는데 쉬기 좋았어요,,
👍💗👍💗,,
성수동 자주 오진 않지만 아이들 방탈출에 넣고 오랜만에 부부 데이트 하였어요.,,
스톤슈페너 특이하고 맛있었습니다ㅎㅎ,,
카페크레마 맛있어요,,
플랫화이트 맛남,,
성수동에 놀러왔다..,,
그냥 들어온 구테로이테 ..,,
그냥 들어왔는데..,,
실망 스럽지않다..,,
오랜만에 들리는 카페 입니다,,
2년만에 언니랑 함께 왔어요,,
💓 시원한 아아도 너무 맛있어요,,
❤️ 추천합니다!,,
그라니따 상큼 시원하고 맛있어요.,,
베이커리가 일찍 소진되어 아쉬워요,,
더운날 카페크레마 너무 잘어울려요~~,,
구테 넛 슈페너 넛트 식감이 좋아요,,
아인슈페너 안쓰고 맛있어요,,
구테 넛 슈페너 너무맛있어요,,
"처음 먹어보는 맛
찐하고 고소합니당",,
카페크레마 너무 부드럽고 맛있어요!,,
🍋,,
그라니따가 상큼하고 맛있어서 여름에 딱이예요!!,,
하 또 먹고 싶다,,
담백하고맛있어요.,,
맘에 들어요,,
요 좋아요,,
성수 오면 항상 와요!,,
롱블랙 맛있어욤ㅜ.ㅜ,,
다양한 베리에이션이 하나같이 다 독특하고 맛나요,,
🍓☕️,,
맛도 좋고 눈도 너무 좋았어요,,
커파가 맛있어요.,,
참고하세요 ..!,,
"카페레마, 롱블랙  둘다 너무 맛있네요^^",,
성수동에 오면 꼭 오세요♡,,
늘 애용하는 브랜드 너무 좋고 맛있어요 :),,
데이트 하기 딱입니당ㅎㅎ,,
신기하고 다양했어요!,,
👍 최곰,,
요,,
☕️❤️,,
에쏘가 맛있어요..,,
팝업으로 지칠 때 들이키기 딱...,,
역시 맛있어요^^,,
맛있습니다!,,
남김없이 다먹었어요,,
특이하고 맛있어요,,
회사 동료분들이랑 재밌게 먹었어요!!,,
너무너무 맛있어요,,
오랜만에 다시 왔는데 여전히 맛있어요!,,
"레몬그라니따, 유자버블브루 시켰는데 신기하면서도 맛있었습니다!!!",,
성수점은 처음인데 쾌적하고 좋네요,,
맛있고 편하고 좋아요,,
널찍하고 깔끔하고 좋습니다!,,
여기 성수 찐맛집입니다,,
"💛
애견동반 사랑합니다.",,
"다른데에서 가봤는데 성수 놀러온김에 와봤는데 , 맛 똑같고 진짜 시그니처가 최고에요",,
에어컨틀어지면 시원하겠죠,,
자리도 생각보다 많았어용 !!,,
구테 넛 슈페너 굿!!,,
한잔더 먹고 싶어요^^♡,,
특이하고 맛있습니다,,
"에쏘바 중 내 최애♡
본점 처음 오픈할때부터 에쏘바는 구테만 다녀요!!",,
성수점 생겨서 비오는날은 오기 편하네요~,,
구테로이테 수유에서도 자주 먹던 유자버블!,,
역시 존맛탱메뉴🍀,,
쵝오☺️,,
"구테로이테, 스톤슈페너 추천!",,
"🤣 그리고 성수에 애견동반카페 흔치않은데, 넘 조아여!!",,
오래오래 해주세요~~!,,
카페 크레마 메뉴가 진짜 맛있어요~~!!!,,
케익은 솔드 아웃되서 못먹어서 아쉽,,
맛있습니다~~~,,
맛잇어요~~~!,,
성수 다니면서 잘 쉬었습니다. (여행중),,
추천이요,,
넘 맛있네요!,,
성공해쏘용😚❤️,,
너무 좋은 장소네요,,
친구랑 성수에 왔다가 들렸습니다!,,
여전히 맛납니다,,
추천합니당,,
연인과 함께라면 특히,,
좋은 시간이 되었습니다.,,
특히 롱블랙은 제가 좋아하는 고소한 맛이라 너무 맛있어요.,,
성수역에서 멀지 않아 찾기도 쉬워요.,,
롱블랙은 진짜 강추합니다.,,
점심되니 없어요.,,
그래서 또 먹을려고요ㅠ,,
강남구청역 지점 잘 가는데 성수동에도 생겨서 반갑네요^^,,
다음에 다시 오고 싶어요!,,
항상 즐겨찾는 에프 맛집입니다.,,
믿고먹는 맛집이에요!!,,
파우더의 향이 한번 딱!,,
역시나 너무 맛있어요,,
더워진 날씨에 딱 맞는 상큼함 맛이었어요,,
성수 오신다면 꼭 들려보세요.,,
강~~강추~~~입니다!,,
정신없는 성수에서 여유 잇고 자리 편해요!!!!,,
구테로이테랑 피스타치오딸기슈페너 모두 특이하고 엄청 맛있었어요!!,,
아주 특별하진 않아요.,,
엄마랑 같이 왔어요!,,
"엄마랑은 처음 와보는데, 너무 좋아하셨어요!",,
그저께도 왔었는데 점심먹고 오늘 또 왔어요.,,
저녁식사 시간대에 오니깐 여유롭고 좋아요 ✨,,
다만 베이커리는 이미 많이 나갔더라구요,,
🥺 다음엔 좀 더 일찍 와봐야겠어요 !,,
남편이랑 왔다,,
맛있어서 또 왔네요~,,
비오는 날 점심시간 행복한 오후입니다~~!,,
구테 넛 슈페너랑 스톤 슈페너 둘다 맛난데 할모니 입맛이시면 스톤 슈페너 강추에요!,,
다음에 또 오겠습니다!!,,
나,,
행복한 시간 보냈어요♡♡♡,,
맨날 와요,,
🩷🧡🩵,,
애플망고그린에이드가 상큼하고 맛있오요^^,,
친구들이랑 같이 왔어요~,,
오랜만에 힐링 ^^,,
다른 지점들도 가보고 싶네요~,,
잘먹었습니다!,,
꼰파나 와 롱블랙 시켰는데 너무 맛있어요♡,,
롱블랙도 너무 맛나요♡,,
시그니처 메뉴 파인콘 추천합니다!,,
잘 먹고갑니다 번창하세옵,,
향도 정말 좋았습니다.,,
"👍👍👍👍
잘쉬고 잘먹고갑니당",,
메뉴도 다양해요 ㅎ,,
플랫화이트..,,
엄청 부드러움,,
"나들이,데이트장소 강추입니다~~~~~♡",,
지나가다 우연히 들른 카페인데 완전 성공했어요!!,,
추천으로 왔는데 정말 맛잇어요!!!!!,,
짱맛잇어요,,
본점만 가다가 성수점은 처음 와보네요!,,
속상한 마음 위로받고갑니드..,,
"시그니처 메뉴는
무조건 먹어봐야죠 !!",,
🎈🎈,,
역시 구테로이테입니다,,
초코 좋아하시는 분들은 겁나 좋아하실 듯.,,
지나가다가  구테로이테 간판보고  들어왔어요.,,
역시 명불허전.,,
나들이 나왔는데 좋아요,,
좋아요~~!!!,,
자주오게되옄ㅋㅋ,,
추천👍🏻👍🏻👍🏻,,
👍🏻 메뉴 빨리나와서 넘 조아욘,,
맛집,,
역시 최고👍,,
시그니처 메류 추천해요,,
맛있고,,
모두 최고!,,
성수에도 구테로이테 생겨서 너무좋아요,,
특히 플랫화이트 맛있게 먹었습니다~,,
구테로이테는 꼭 드셔보세요!!!!,,
우연히 들어왔다가 너무 맛있는 에쏘를 만났어요,,
저는 에쏘파였음.,,
"에쏘바 많이 돌아다니고 카페도 많이 가는 네이버 상위 1% 리뷰어(먹보^^...)인데, 감히 더 유명한 에쏘바에 버금 가는 실력이라고 생각합니다",,
🩷 채고채고,,
"강남에서 먹고
성수 지나가다 반가워서 들어왔어요",,
여전히 맛있어요,,
시그니처메뉴는 언제나 기대를 넘어 맛있는 경험을 주는 나만의 카페입니다.,,
성수 올때마다 오는 카페입니다,,
월요일인데도 영업해서 좋았습니다!,,
우연하게 들어갔는데 업무 보기편합니다,,
맛있게 잘 먹었습니다~~,,
다리가 아파서 잠시 쉬어가는데 아주 편하네요,,
취향저격 탕탕!,,
롱블랙은 깔끔담백해서 넘 좋아용,,
좋은 시간 보내고 갑니다!,,
맛본 아인슈페너중에 최고예여^^,,
갑자기온 카페 너무 맛있어요,,
플랫화이트 시켰는데 아주 찐하구 맛있어요,,
분위도 좋아요.,,
흐흐,,
"조각케잌 한 조각에 9천원인데, 일반 종이박스인데 추가 천원을 내라니요,",,
"I didn’t expect the coffee to be cold, but it was delicious!",,
I will come back!,,
저는 구테 넛 슈페너 추천합니다,,
성수 데이트오시는 분들 추천합니다~!,,
오미자 아아 넘 맛있어요!!!!,,
케익도 진짜 다 맛있어요^^,,
넘 달지 않아서 조아유,,
너무 마싯을께..,,
특히!,,
성수오면 한번더 들리게용,,
다음에 또 오겠습니당,,
베이커리도 종류도 많고 맛나네요~,,
성수 오면 자주 들려야겠어요!!,,
산미없는 고소한 맛입니다.,,
추천추천✌️🫶🏻,,
맛있는 꺼피와 쇼콜라.,,
플랫화이트 진짜로 맛났습니다.,,
담에 또와야겠네요,,
산미도 적당하고 하나도 안씁니다..,,
오늘은 싱글샷💛,,
강추에요,,
카페도 너무 깔끔해요,,
스톤슈페너 너무 고소하니 맛있고 롱블랙도 깔끔하니 좋네요 ㅎㅎㅎ,,
"😋
담에 또 가겠습니다~",,
향과 맛의 변화가 항상 재밌어요,,
구테 넛 슈페너 맛있어요!!,,
그리고 맛도 좋구요.,,
처음 왔는데 다음에 또 오고싶어요!!,,
😍✌🏻,,
다음에 또 올게요!!,,
연무장길에서 멀지 않아서 좋아요,,
아빠랑 동생이랑 함께 성수에서 여유로운 브런치 타임을 가졌어요!,,
카피가 너무 맛납니다 !,,
담번에 또 와야겠어요ㆍ,,
강추입니당,,
☺️👍,,
들어가자마자 크~게 인사해주셔서 기분도 좋아요^^,,
성수왔다가 들렸어요,,
종종 와야겠어요,,
자주 올게요~~,,
오랜만에 맛있는 콘파냐네요 !,,
구테로이테 성수 좋아요 :),,
카페가 널찍해서 대화하기도 좋아요~,,
🤎☕️,,
너무 맛있어서 사진 찍는 것도 깜빡햇지 모예요-,,
없어진 거 보니 존맛탱이엇을 거라고 예상 ㅎ..,,
대신 시그니처드세여..,,
플렛화이트는 맛없어요,,
그라니따 강추!,,
자리도 많아요,,
지나가다가 우연히 들렸어요!,,
분의기가 너무 좋네요,,
성수의 젊은 느낌이 느껴지네요,,
붐비지 않아서 대화하기 좋습니다,,
추천추천👍🏻,,
향이랑 부드러움 끝내주네요.,,
좋아서 또 왔어요,,
카페라떼 진하게 맛있고 콘파냐가 정말 맛있어요!,,
콘파냐 맛집 입니다,,
시그니처 콘파냐인 구테로이테 추천이에요,,
찐맛집으로 인정입니다!!,,
플랫화이트 너무 고소해요,,
신기한 메뉴가 많고 맛있어요,,
플랫화이트 역시나 맛있고 애플말고그린에이드도 맛있네요~~~,,
☕️💖,,
멋있어요!,,
:D,,
역시 맛있었어 ㅎ,,
담에 또 와야겠어요,,
"특히 시그니처인 구테로이테는 로투스랑 휘핑, 카라멜 드리즐이 과연 조화롭나 싶기도 하구요",,
따로노는 맛이랄까..,,
그나마 파인콘을 가장 맛있게 먹었습니다,,
"험,, 뭔가 어수선하고 전문성이 떨어지는 기분을 받았어요",,
시그니처 메뉴는 달달해요,,
넘 좋습니다~~~~~~,,
또올개요,,
너무 맛이썽요 역쉬...,,
🍎🍅🍎🐣,,
사진 찍기도 전에 원샷 때렸네요..,,
그라나따 새콤달콤해요,,
베이커리 명장이라  나중에 베이커리도 먹어보고  싶어요,,
너무깔끔하고 맛있어요!,,
지나가다 들어온 것 치곤 너무 좋아요!,,
둘 다 너무 맛있어요.,,
조금 후에 터지니 사진 빨리 찍으세요,,
항상 와서 이렇게 두개 메뉴 시켜먹어요ㅎㅎ,,
최근에만 몇번을 왔는지 ...,,
여자친구랑 오고싶어서 성수온 김에 다시 찾아왔어요!,,
여전히 손님이 많네요!,,
두 잔 가지고는 부족해요ㅎㅎ,,
장점 : 넛슈페너 - 너무 달지고 않고 그렇다  쓰지더 않고 딱 맛남,,
하고 와서 고심끝에 골랐는데!!,,
굿초이스 입니다ㅎㅎ,,
그라니따로 정신 확 차리고 롱블랙으로 진정하니 코스 완성입니다,,
추천드려요..,,
구테로이테 !,,
! !,,
메뉴도 특이하고 맛있어요!,,
롱블랙 맛있오,,
빨대 길이가 잔 높이와 비슷하면 더욱 좋을 듯 합니다 :),,
"❤️
완전 반했어요!!",,
행복한 시간 보내다 갑니다,,
❤️💕,,
앞으로 성수 올 때 여기만 와야겠어요!!!,,
테이블끼리 좀 가깝다 느껴지는데 딱히 불편하진않네오!!,,
데이뚜 하러 오심 좋을 듯 합니당..!,,
멈넘맛잇어요,,
💗...,,
물딱지게 먹고 가요!,,
심지어 이번에 보니까 5천포인트 넘게 쌓여서 기분 좋게 데이트 했답니다!,,
맛있고 재밌는 메뉴가 많아요!!,,
또 오고 싶어요~,,
흑( T⌓T) 너무맛있어요,,
달달하고 맛잇었습니다^♡^,,
주말에 힐링하고 왔습니다.,,
엄청 맛있어요ㅠ,,
당충전완료!,,
또 오고 싶어요.,,
넘맛있어요,,
분위가 너무 좋아요~!!,,
친구랑 즐거운 시간 보내고옵니당!,,
두입 컷이니 참고해서 시키셔요,,
콘파냐랑 카페크레마 맛있어요,,
전부터 오고 싶었는데 드디어 와봤어요.,,
제주에 맛있게 먹고 갑니다,,
성수동와서 발견한 카페!,,
친구랑 맛있게 먹고 즐거운 시간 보내고 사진도 많이 찍고 가요~,,
성수오면 꼭 한번 와보세요~~,,
예잔에도 한번왔었는데 맛있어서 또 왔어요!,,
추천합니다~!!,,
강남구청점만 이용하다 성수는 두번째예요!,,
👐🏻 카스테라떡도 넘 맛있었네요~,,
플랫화이또…..,,
너무마싯다아아…..><,,
매일먹게…….,,
이천쌀 스무디 너무 맛있어요 !!!!,,
꼭 드셔보새요 ~~~,,
🫶🏻🫶🏻,,
스톤슈페너와 플랫화이트 너무 좋은 선택!,,
굿즈 샀어요,,
그라니따가 제 최애!!,,
성수동 핫플 구테로이테 너무 맛있어요!,,
롱블랙 깔끔하게 고소한 맛이예요.,,
강추강추!!!♡,,
강남구청역 구테로이테 단골!!,,
일하기 싫으면 하지마세요,,
수정과콜드블루   너무 맛있어요~~,,
콘파나 시켜 먹었는데 맛있네요~,,
플랫 화이트가 정말 맛있습니다.,,
"같이 시킨 애플망고그린에이드도 양 많고
시럽이 넉넉해서 아주 맛있습니다.",,
"지난 주말에 만석이어서 꼭 오고싶었는데
평일 낮은 한산하네요",,
성수 들리시면 꼭 한번 드셔보시라고 추천드리고 싶어요~,,
리본페스츄리 강추요~~,,
다음에 또 오겠습니다,,
성수에 오면 종종 찾아요 !,,
🫡🫡🫡,,
아인슈페너 마싯어요 최공,,
성슈 맛집 >.<,,
지나가다가 우연히 들럿는데 후회없는 선택이었네요,,
너무 좋네여,,
😁😁,,
구테로이테 시그니쳐 완전추천!!!,,
아인슈페너 너무 달지 않아서 좋아요.,,
다시 올 예정 ~~~ 그런데 옆자리 친구가 시킨 구테로이테가 가장 맛있긴했음,,
요!,,
가격대도 저렴해요,,
또 오겠습니다:),,
일단 비주얼 합격!,,
아몬드 휘낭시에 진짜 맛있어욤!!!!,,
커휘 한잔과 휘낭시에는 사랑이네여,,
🔶플랫 화이트.,,
너무 맛있고 좋아요!!!~~,,
!!!!,,
주변에서 식사 후 커피숍 찾다가 발견했어요.,,
성수에서 제일 좋아하는 카페에요,,
강아지와 함께 오기 좋아요!,,
강아지 물도 챙겨주시고 감동입니다,,
☕️☕️ 성수올때마다 무조건 들러야하는 필수코스!!,,
분워기 좋고 커페도 맛있고 쿠키가 맛있네요~,,
다른 지점 구테로이테 갔다가 너무 맛있어서 성수 근처에 온김에 또 왔어요!,,
아~~🩷,,
🤍🫶🏻🍀,,
롱블랙 맛있네요,,
먹어본 롱블랙 중에 최고구요!,,
아인슈페너 진짜 맛있어요,,
고급지고 자리도 편하고 노래도 좋아요,,
물티슈 만들어주세요:),,
특히 콘파냐 개추,,
단체 모임으로도 딱이에요,,
🥹💕,,
자리가 많아서 혼자서 시간 보내기도 좋아요,,
평소 아인슈페너를 좋아해서 시켜보았습니다!!,,
👍 담에 또 올게여,,
특별한 메뉴들이 많다고해서 와봤어요!!,,
마들렌이 딱 달달하고 고소하니 맛있네요 ㅎㅎ,,
친구가 여기 맛있다고 들었으니까 여기서 먹어 봤어요.,,
맛있대요.,,
점심먹고 어김없이 들렸어요,,
와….,,
최고의 카페…..,,
성수를 왔는데 여길 안 와…?,,
범죄야,,
그건…..,,
저는 특히 휘낭시에 추천 드립니다~,,
항상 오지만 맛나요,,
성수왔다,,
시그니처라 그런가~~^^,,
다음에 또 올께요,,
애플망고그린에이드 진짜 맛있어요,,
은근 맛있어서 놀랐습니다,,
🥺😍,,
♥️♥️♥️,,
그라니따 맛있어요,,
😍 👍,,
메뉴가 다 맛있어요,,
성수나들이하다 우연히 들렸는데 쾌적하고 좋아요,,
딱 하나남은 우유 리본 사서 먹었는데 너무 맛있어요ㅠㅜ,,
👍🏻👍🏻👍🏻👍🏻,,
일단 시그니처는 꼭 다 맛보시길.,,
마들렌 최고❤️,,
오픈했을때보다 훨씬 종류가 많아서 좋네요,,
베이커리류도 종류가 많습니다,,
겨울이라 뱅쇼 먹었는데 맛있네요 ㅎㅎ,,
강구점 자주갔는데 성수점은 처음와요 :),,
지나가다가 충동적으로 들어왔는데 너무 탁월한 선택이었어요.,,
롱블랙 맛있어요~~!!,,
핫한동네에 오랜만에와서 이름이 맘에들어서 들어왓어요!,,
네요!,,
🤣🤣 시끄럽지않아서 미팅하기에도 좋았어요!!,,
본점도 가보았지만 여기가 더 널찍하네요!,,
성수동에도 구테로이테가 생겨서 넘 좋아요!,,
"마쉬써요옹 😆
사진맛집~
셀카하나 획득",,
너무 맛있어용~!,,
엄마도좋아해요,,
"🙌
더불어 시그니처 메뉴에 퀄리티도 정말 좋네요!",,
"✌️
감사합니다!",,
🙇‍♂️,,
강추합니다!,,
스톤슈페너는 첫 맛은 이상하다(?),,
개인적으로 아인슈페너보다 맛있는 맛이었어요,,
제과가 맛있음,,
좋아용,,
바로 먹느라 사진은 못찍었지만 위에 크럼블이 올라간 시그니처 구테로이테!!,,
맛있습니다!!!,,
맛있게 잘먹고 갑니다ㅎㅎ,,
😚🫧,,
감사합니다.~~~ㅋ,,
시끄럽지않아서 더 좋네요,,
또 올래요~~~♡,,
👍🩷,,
😃☕️🍞🥐,,
디자인이 심플하면서 모던해,,
이런느낌 좋아하시면 추천해요,,
🎁,,
성수오면 꼭 와요,,
구테로이테 먹었는데 맛있어요!!,,
다음에도 또 오고싶네요,,
🥐🥨🧁☕️,,
롱블랙 넘 맛있에요,,
ㅎㅎㅎㅎ진하고 너무 좋아요.,,
🎀평일 저녁이라 그런진 몰라도 붐비지않고 복잡하지 않아서 마음에들어용,,
친구들과 좋은 시간 보냈어요,,
구테로이테 이름만 듣다가 와봤는데 너무 맛있고 좋아요!,,
이름이 정겨워서 들어왔어요 시그니쳐메뉴가 궁금해서 리뷰남깁니당,,
헤헤,,
"명장의 맛 :)
꼭 한번은 경험해 보세요!",,
특히 카페크레마 너무 맛있어서 깜짝 놀랐어요.,,
맛있고 빨리 나와요~!~,,
베리에이션밸런스도 너무좋아요.,,
감사해요,,
오픈 시간이 빨라서 좋아요.,,
"잠시 머물렀지만, 나름 조용히 얘기하기 좋았어요.",,
롱블랙 맛있었습니다.,,
🤍🩵,,
"말할때도 , 받을때도 되게 눈치를 준다해야하나 ..",,
그럴거면 리뷰이벤트를 하지 않았음 좋겠네요,,
롱블랙 넘나 맛나네요!!,,
두근거려요,,
기가막힙니다,,
기가막혀요,,
맛나용,,
비주얼에서 일단 합격!,,
엄마도 좋아하시네요,,
참 맛있어요^^,,
나오자마자 사진 찍지도 못하고 먹다가 생각나서 찍었네요ㅠ,,
암튼 맛있게 잘먹었습니다,,
여행중 우연히 들어왔어요,,
짱 맛있어용,,
맛있게 잘 먹었어요!,,
짱이예요요,,
특히 몽블랑 추천합니다!,,
그런데 맛은 고급져요,,
🙂🙂,,
맛있는 스톤 슈페너 잘 먹었습니다!,,
다른 지점도 가봐야겠어요ㅠㅠ,,
최고!,,
오전에 오니까 자리 널널하고 좋네요ㅎㅎ,,
잘 먹고 가요!!,,
너무 맛있어서 항상 클라이밍 오면 꼭 먹어요!,,
단골입니다.,,
여기 정말 맛있어요.,,
또 놀러올게요,,
🤗🤗,,
진짜 맛있어욤 ㅎㅎㅎㅎㅎ,,
♥️♥️♥️♥️,,
종류도 다양해서 좋아요!,,
성수동 오신다면 추천해요,,
오랜만에 들러본 성수동!!,,
실내 디자인도 깔끔하고 모던해요!!,,
가볍게 들리기 좋습니다ㅎㅎ,,
😆 아아메 없는 카페여도 메뉴 많답니다,,
들어올 땐 여유로웠는데 순식간에 만석이네요,,
성수에 온김에 구테로이테에 들렀어요,,
역시 에쏘 맛나네요,,
구터로이테 에쏘마셨어요,,
ㅎㅎ❤️,,
스톤슈페너는 생각보다 잔은 작았지만 많이 달지않고 진한데 쓰지않고 ㅎ 넘 맛있네요.,,
확실히 농도 짙고 깊은 게 새롭고 맛있네요ㅎㅎ,,
맛엤어요 구테로이테!,,
대형카페의 시끌벅적한 느낌이 아니라 더 좋습니다,,
바질을 좋아해서 바질파니니도 먹어봤는데 바질향이 향긋해서 잘먹었어요!!,,
고소하고 맛있어요!,,
파인콘이 맛있다고해서 들렀는데 정말 맛있어요!,,
다음에 먹어보고 싶어요!!,,
다음에 다른메뉴도 또 먹어보고 싶어오!,,
다양한 메뉴들이 잇어서 좋아요 ~><,,
울라프 눈사람 넘 귀여워요 ㅋㅋㅋ,,
자주 올게요!,,
달달하니 맛있어요 ( ◜⤙◝ )♡,,
자주 와야겠습니다^^*,,
궁금했는데 드디어 와보게 되어 기뻐요,,
여자친구랑 왔는데 너무 맛있어요,,
너무 맛있어요!!!!,,
이곳만의 개성이 강해요,,
ㅣ맛이잇네요,,
😇😇🙏🏻🙏🏻,,
다음에 또 올게요~~!!,,
맛잇고좋아용 ㅎㅎㅎ,,
성수 핫플을 즐기기 좋아요~,,
구테로이테시그니처 진짜 맛있네요!!,,
다음에 또 오고싶어요~!!!,,
맛있어보여요!,,
나중에 또 오고싶어요,,
🥖🍞🥯🥐☕️☕️,,
최고😀,,
역시 구테로이테~~!,,
이 근처오면 요기 꼭 들려요,,
최공,,
구테로이테 시그니처메뉴 너무 맛있어요,,
그라니따 추천으로 먹었는데 맛있어용,,
"🥰
다음에 되면 또 오고 싶습니다",,
느무 놀람.,,
성수에 아침일찍 여는 카페가 많이 없어서 자주 이용합니다,,
모던하고 이색적인 구테로이테,,
전부터 먹어보고 싶어서 멀리서 왔어요!!!,,
추천해주신 몽블랑 먹으러 또 왔어요!! ㅎㅎ,,
진짜진짜 드림카카오브레드 꼭 한 번 먹어보세요!!,,
진짜 행복해지는 맛 ㅠㅠ,,
너무 맛있게 먹고갑니다.,,
배불러서 베이커리는 못먹어서 아쉬워요ㅠㅠ,,
성수는 안주셨어요.,,
다행히 함께간 지인은 좋아하더라구요.,,
또 올게여,,
아이랑 같이 오기 좋아요^^,,
두번째 왔는데 너무 좋아요!!!,,
매일 먹고 싶어요!,,
바질 파니니 진짜 맛있어요♡♡♡♡,,
단팥빵이 단 편인데 알밤이 식감과 단 맛을 중화시켜줘서 너무 맛있네요,,
제과명장님도 만나뵙고 좋은 시설에서 맛있게 먹었습니다^^,,
몽블랑도 너무 잘먹었습니다,,
스톤 슈페너도 고소해요!,,
오늘 성수 왔다,,
몽블랑 진쭈 추천합니다!!!,,
특별히 오늘 할인 이벤트도 해서 안 올수가 없었어요,,
행사중 너무저렴하게 먹어 죄송할정도ㅋㅋ,,
맛잇게먹고가용,,
"명장님이 직접 내어주신 초코에 반하다에 반하고,
자극적이지 않은 파바게트와 발효팥은 사용한 달지않은 단팥빵의 맛이 참 좋습니다.",,
다음에도 올게요!!,,
엄청 맛있어요,,
구테로이테 다른 지점들도 좋았는데 성수점도 좋아요!,,
잘 먹겠습니다,,
지난번에 본점 가봤는데 이번에는 성수점에 찾아왔어요!!,,
꼭 다시 찾아올게요!,,
제과기능장 1호 임영래 명장님과 함께하는 구테로이테,,
향도 좋고 입속 향긋함이 확 퍼지는게 최고에요,,
구테로이테 지나가면서 보기만 했는데 드디어 맛보네요.,,
아이랑 나들이 나왔는데 넘 맛있다고 좋아하네요~,,
아주 맛있습니다!,,
특히..,,
잘 먹었습니다!,,
이천 쌀 스무디 먹었습니다~,,
생각보다 달았는데 맛있었습니다 ㅎㅎ,,
알려주신 순서대로 먹었는데 넘 맛있어요.,,
그라니따 취저에요^^,,
"적당한 산미와 고소함, 롱블랙 추천.",,
추천하고 싶어요,,
막 시끄럽지 않아서 좋았습니다,,
완전 맛있음,,
추천 드립니다,,
요 베리 메뉴는 크리스마스 느낌도 나구 대추천입니당,,
"지나다 궁금해서 들어왔는데 
신기한 이천 쌀 스무디 ㅋㅋ
아침 햇살 맛 나여",,
조금만 덜 달면 좋겠는데 쌀빵과는 잘어울려용 ㅋㅋㅋ,,
클래식 딥 쇼콜라는 클래식한 맛이고 안달아서 좋네용 :),,
여기 진짜 맛있어요,,
그라니따 계속 생각나서 또 왔어요,,
우리 동네에도 생겼으면😣,,
다음에 또와서 다른종류도 먹어보고 싶어요,,
했습니다,,
맛있어요~^^,,
시그니처 맛있어요 ㅎㅎ,,
"성수 갔다가 우연찮게 외관이
너무 멋있어서 들렸는데 정말 좋아요",,
잠시 목축이고 쉬어가기 좋습니다!!,,
너무 맛있다,,
맛있게 잘 먹었습니당,,
에쏘는 역시 구테로이테!!,,
굿!,,
감사히잘먹겠습니다 !,,
감자탕 먹고 와서 시그니처인 구테로이테 완샷하면 입가심으로 정말 딱이예요,,
꼭 한번 들려보세요!,,
뱅쇼 맛있었어요,,
아인슈페너 맛있어요!,,
적당히 달구요!,,
기분전환하고 싶을때 추천해요,,
노래가 너무 크지않아,,
이아기하기 좋습니다!,,
편한 장소 👍🏻👍🏻👍🏻,,
양도 적당하고 굉장히 맛있었어요!,,
강남본점보다 더 맛있다는건 안비밀...ㅋ,,
신랑도 너무 맛있다고 감탄 하네요,,
자주 와야겠어요^^,,
👍 너무 북적거리지도 않고 좋았어요!!,,
카페 저렴하고 부드럽고 좋아요,,
넘 지쳐서 바로 들이켰어요,,
여기가 여러분이 찾으시는 분좋카입니다,,
🫠🫠,,
성수다니면서 처음왔는데 케잌 너무 맛있어서 강추드립니다,,
해주시고 메뉴도 다양하고 맛있어요,,
담에 성수오면 또 올게요!,,
성수동나들이,,
항상 믿고 오는 구테로이테잊니다!,,
좋아요~~ ^^,,
스톤슈페너 왤케맛있나요 ㅠㅠㅠㅠ,,
먹고 깜짝놀랬어요!,,
너무너무 진짜 엄청나게 맛있어요!!,,
캐모마일 리치 펀치 너무 추천합니다,,
짱맛이에요,,
다른 것들도 독특하고 색다른데 맛잇아요!!,,
꼭 와보시길 추천합니다,,
성수 오시면 꼭 여기 오세요,,
다들!!!,,
성수동 돌아다니다 우연히 들어오게 되었는데 커피값!!,,
실화인가요.,,
성수동 오면 또 들리고 싶은 카페입니다.,,
반려동물 동반이여서 좋아요,,
맛도 좋고 종류도 다양해서 종종 들르는 구테로이테.,,
사약 먹는 맛이네요ㅠㅠ,,
넘나 써요,,
주말저녁 여유롭고  좋으네용!,,
추천추천🤗🧡,,
우연히 들어간 카페인데 너무 맘에 들어요,,
또 오고 싶어요!,,
성수에 처음 놀러왔는데 생겨서 들렸어요!,,
좋네용,,
너무 맛있게 먹었어요.,,
성수 최애 카페입니다,,
또오겠습니다,,
구테로이테 맛나유,,
초코는 양적어유,,
산미가 없어서 더 없이 좋았어요,,
🫶 초콜렛도 진하구 맛나용,,
플랫화이트와 콘파냐 언제나처럼 맛있게 즐겼네요,,
완전 추천✨💫,,
😻,,
회사근처 카페,,
구테로이테 평소에도 좋아하는데 성수점은 처음와봤어요.,,
😀 플랫화이트와 구테로이테 먹었는데 너무 부드럽고 좋아요,,
딸이랑 왔는데 너무 좋네요~,,
역시나 맛있네요~,,
뱅쇼는 양이좀더 많으면 좋겟어요 ㅎㅎ,,
신기한 메뉴들이 많아요.,,
에쏘+휩+로투스 조합!,,
롱블랙도 진해용,,
항상 맛있음,,
쌀 스무디도 맛있어요~!,,
특히 구테로이테가 맛있어요,,
그러니까 꼭 드세요,,
친구와 좋은 시간 보냈습니다.,,
성수 돌아다니다 보여서 들렀는데 본점 갔을때보다 메뉴가 다양해서 좋았어요!!,,
오늘도 상콤한 그라니따 한잔 했습니당ㅎㅎㅎ,,
아아도 맛있네요ㅎㅎ,,
에쏘 베리에이션이 괜찮은 편이에요.,,
성수도 생겨서 좋아요!,,
성수에서 보기힘든 갓성비 카페에요,,
"🫶🫶
여기 왜 처음왔지,,,????",,
구테로이테 먹고 싶어요,,
맛나보여요,,
오늘 하루 수다 힐링하고 갑니다^^,,
👍🏽,,
전메뉴 다 먹어보고 싶어요,,
🫠🫠 밀 크레이프도 부드럽고 맛있어요,,
엄마랑 데이트에도 좋아요!,,
맛이 좋아요,,
지나가다가 들렸어요.,,
메뉴 다양하고 맛잇어용,,
☕️👏 그라니따가 상큼하고 넘 맛있어요~!!,,
다른 종류도 먹어보고 싶어요!,,
성수 지점 처음인데 좋았어요,,
산미없는 제가 딱좋아하는 맛이에요!,,
자주 옵니다,,
컵이 넘 가벼워여!!,,
담에 다른 메뉴 먹어봐야겠어요ㅎㅎ,,
근처에 약속 시간이 잠깐 떠서 지나가다 들어왔습니다.,,
"아침이라 당 안먹을라 했지만,, 메뉴가 매력적이라 지나칠 수 없었습니다.",,
데이트 하기 좋아요 ㅎㅎ,,
롱블랙맛있어요,,
너무 맛있어용 !!,,
너무 고소하면서 에프레소랑 너무 잘 어울러져 맛있었아요.,,
👍🏻 추천합니다!,,
정도,,
이천 쌀 스무디도 너무 맛있어용,,
마들렌도 강추입니다,,
걷고걷다가 이거 한잔이면 힘이 빡 올라옵니다,,
그라니따는 정말정말 새콤해서 독특해요.,,
한강 안건너고 만나서 너무 좋아욤,,
오픈런했어요.,,
구테로이테  너무 맛있어요!,,
성수 맛 커피집이에요,,
밤10시까지해요,,
어서오세요,,
다른 메뉴도 다 맛보고싶네요.,,
성수에서 쇼핑하고 힘들 때 들려서 휴식하기 좋아요~,,
메뉴가 다양해요,,
달달한 거 좋아하시면 카페크레마 왕추천!!,,
신기한맛…!,,
수정과 좋아하면 추천..!,,
돌체라떼 먹어봤는데 맛있어용 •_<,,
친구랑 같이 왔어용,,
시그니처 메뉴가 많아요,,
카피에 심도가 깊고 맛있어요,,
파인콘 구테로이테 먹어봤어요,,
또 오고 싶어요,,
가기 전 마지막까지 신경써주셔서 감사했습니다~!,,
구테로이테가 정말 맛있어요!!!,,
이천 쌀 스무디도 자극적이지 않은 맛이고 보통적인 스무디처럼 곱게 갈린게 아니라 빨리 녹지 않아서 좋아요,,
오기 정말 잘했어요,,
성수점은 처음 와봤는데 여전히 좋아요,,
동네라 자주 올게요,,
이야기하기도 좋은 장소였습니다,,
성수 카페치고 엄청 붐비거나 시끄럽지 않아서 좋네요!!,,
😆😆 다음에도 근처 오면 들려야겠네요,,
지나가다가 메뉴가 좋아 보여서 들어왔습니다.,,
맛도 좋았습니다:),,
친구랑 연인이랑 같이 오기 좋아요!,,
강추합니당,,
케익도 맛있고 케익도 다양해서 좋습니다^^,,
특별하고 중독되는 맛입니다!,,
"....
ㅎㅎ",,
애스프래소 특이해요,,
"💗
다음에 또 올게요!",,
아주 맛있어요!,,
메뉴가 다양하고 많습니다.,,
초코마들렌 너무 달아요,,
맛있어요~^^!!,,
그라나따 맛있어보여용,,
성수에 대화하기 좋은 카페에요,,
아인슈페너도 맛있어효♡,,
그라니따는 넘상큼하고 특이했어요^-^,,
플랫화이트는 넘 진하고 맛있네용^^,,
번창하세요^^,,
최애 커피집!!,,
성수점은 처음방뮨했어요!,,
또 와야겠습니당,,
❤️🧡💛,,
콘파냐,,
☕️🩷❤️🧡🧡💚💚🤍🖤🩵💙🩷🩵💙🩶❤️,,
본점을 사랑해서 이사하고 성수점에도 와봤어요.,,
방앗간 처럼 들려야겠어요,,
늘 맛있는 !!!,,
성수 클팍에서 클밍하다 당 떨어져서 충전!!,,
스트레스해소에 이만한게 없어요,,
"💕
한잔만으로는 안끝날… 카페☕️",,
"Good coffee, good friends",,
연한 거 원하면 물양 조절해주신대요ㅎㅎ,,
인데 완전 맛있었어요ㅎㅎ,,
그라니따 맛있어서 다른 시그니처 메뉴도 먹어보고 싶어요!!,,
이천 쌀 스무디가 맛있어요!,,
롱블랙은 꽤 쓰네요..!ㅠ,,
최애 커피숍입니다.,,
시그니처 구테로이테 꼬소하고 맛나요,,
구테로이테 너무 맛있어요!!,,
웁서울 전시때문에 왔다가 지인 기다리느라 잠시 들렸어요.,,
이른아침 열어서 출근길에 들리기좋아요.,,
너무 맛나요!!!!,,
제가 성수에 정말 많은 카페를 가봤지만 정말 제일 좋아하는 카페입니다,,
강추~,,
역시나 맛있네요ㅎㅎㅎ,,
구테넛슈페너 누크바맛나요 리치에이드도 맛있어요!!,,
추천~!,,
또 생각나서요,,
존맛...,,
😄😘,,
돌아다니다가 힘든데 카페가고 싶을때 마다 옵니다,,
맛잇엇어요 ㅎㅎㅎㅎㅎ,,
특이한 메뉴가 많네요!,,
신기한 메뉴가 많고 맛있었어요~,,
자주 오겠습니다 ㅎㅎ,,
성수동 카페 찾으신다면 추천합니다!!,,
컵 가볍고 귀여우,,
성수에서 더운날씨 때문에 갔는데...,,
음....,,
더운 날이었는데 시원하게 잘 먹었습니다!,,
묘한 맛 ㅋㅋㅋㅎㅎ,,
점심먹고 한잔,,
다음 시즌을 기약하며..,,
😊 그래도 역시나 구테로이테 커마카세는 👍🏻,,
"한명이 먹기에 딱~ 이거나
조금 부족한....",,
맛은 워낙~좋은데라서,,
오....,,
"🩶클래식 딥 쇼콜라
초코 좋아하시면 무조건 드시길..",,
찐~~~득 그 자체,,
흑임자슈패너 맛있어요,,
케잌들은 쏘쏘 ㅜㅠ,,
캐모마일 리치펀치 달달하구 맛있어요,,
"울려서 말소리를 크게내야해요
쾌적한편이에요",,
새로운 맛 도전이 신선했고  맛도  좋았다.,,
그러나  모든게  달았다.,,
기대했던거 보다 맛은 생각보다 전체적으로 무난했어요.,,
화장실은..,,
카페비주얼과 다르게 오래된 느낌이 강했어요.,,
잘 쉬다 갔어요~,,
🫡✨️,,
특별한 메뉴가 많아요!,,
수정과콜드브루 달달한 쿠테로이테 구테넛 슈페어 추천해요!!,,
엄마가 물컵에 준다고;,,
특히 여름 날의 매력은 너무 맛있어서 또 오고 싶었어요..,,
색다른 경험 해서 너무 좋았습니다,,
"잔도 너무 귀엽고 소중해요,,",,
아인슈페너 맛있어용,,
한입 맛보고 놀램..,,
시그니처메뉴 맛도 멋도 다 잡았다...!,,
🫶🏼 또또또꼭꼭올께요,,
사진엔 없지만 그라니따 추천합니더..,,
대화하기에도 너무 최적이네요,,
테이블이 높아서 편했어요.,,
개인적으로는 그래서 좋았습니다.,,
회사랑 가까워서 자주 오는 카페에여,,
또 올게용,,
롱블랙을 찾기 힘든데 너무 좋아요,,
8시에 여는 유일한 동네 카페입니다!!! ㅎㅎ,,
ㅂㅏ닐라라테 맛있네요ㅎㅎ,,
넘 좋아요,,
👍 강추합니다,,
성수 오시면 꼭 드세요!,,
신걸 좋아해서 첫 잔은 그라니따.,,
회사랑 가까워서 자주 옵니다!,,
"강남구청 본점 가다가 성수에 생겨서 왔는데 
역시나 훌륭하네요",,
맛이조아!!,,
그라니따 엄청 맛있어요!!,,
강남구청으로 자주 가던 구테로이테인데 성수에서 눈에 보여 찾아갔습니다.,,
담에 또 올게용 구테짱짱,,
리뷰 보고 왔어요.,,
플랫화이트도 맛있었습니다✨,,
오늘은 가족들과 왔습니당,,
맛있게 먹고 갑니당~~~,,
유명해지지 않았으면!!,,
플랫화이트 진하고 맛있었어요~~!,,
"시그니처 메뉴인 스톤 그라니따
신기한 맛이에요",,
케익 존맛인데 마들렌 무난..,,
여느 콘파냐와는 조금 다른....,,
암튼 맛이 좋음,,
⸝⸝ ᷇࿀ ᷆⸝⸝,,
매번 스타벅스.,,
체리그라나따🍒,,
그냥 달달한 정도가 아님,,
그래서 물두잔도 같이주나..ㅎ,,
베이커리보고 왔는데 베이커리도 없음..,,
😮,,
ㅎㅎ❤️❤️,,
시즈널 체리 그라니따 향긋하고 맛있음,,
자주 가요,,
스톤 그라니따 추천합니다.,,
너무 맛이써요..,,
샤베트와 슬러쉬 그 어딘가!,,
월요일엔 움료 구매시 베이커리 20%할인이래요,,
😊 다음에 또 성수 갈 일이 생긴다면 또 가고 싶어요,,
혼자오시는 분들도 많아서 부담 없었습니다,,
맛있어서 좋아요,,
달달한 에스프래소.,,
체리 그라니따 달달하고 맛있어요~~!,,
휘낭시에도 맛있음!!,,
체리그라니따 먹었는데 기대했던 것보다 너무 맛있더라구요,,
다음번엔 성수에 또 오게된다면 다른 메뉴도 먹어보려고 합니다.,,
성수점이 생기기 전에 가고싶었던 카페!,,
성수에 와서 간단히 먹고 쉬려고 들리게 되었다.,,
친구들 사줬는데 맛있다네요~!,,
😳베이커리종류가 엄청 많았는데 다 먹음직스러워요❤,,
겉에는 완전 빠싹하고 안에 쫀득합니당.,,
깔끔하고!,,
생각보다 엄청 커서 놀랐어요.,,
메뉴가 특별해서 좋네요^^,,
spc 였어,,
☕️🥖,,
시그니처 메뉴 매우 달아요,,
카페라떼가 약간 바디감?,,
"👍
뉴욕 초코롤 초코 대박!",,
파인콘 노멀블랜드....,,
그래서 식감이 더 좋은....,,
특별함도 좋지만..,,
또 가야겠어요,,
자주 들르는 카페!,,
롤이 두종류 품절되서 담에 다른 메뉴도 먹어보고 싶어요~,,
걍 그저 그럼,,
새로운 도전.....,,
"시즈널 그라니따 블루베리
사실...",,
"오묘하면서도
특이하고 맛있는....",,
"토핑(?)의 블루베리는 여지껏 보지못하였을 만큼 
크다.....ㅋㅋ",,
생소한 도전....,,
베이커리류도 먹었는데 오..,,
맛있어요..!,,
반 먹었어요,,
😽,,
😍😍😍,,
더할나위 없는 꽤 괜찮은 카페임.,,
하마터면 그쪽으로 깊숙히 들어갈뻔......,,
구테로이테 하세요,,
시그니처 메뉴가 정말 맛있어요,,
블루베리의 상콤함이랑 나름 잘 어울리네요.,,
핸드드립도 아닌데 2천원 차이라니ㅋㅋ 무엇보다 맛이 너어무 없어서 더 화나네요.,,
종류 다양한 건 좋지만 대단한 맛은 아닙니다.,,
멀리서 성수 나들이 오시는 분들 참고하시면 좋겠네요.,,
#주님이먹여살려주시는인생 #성수동카페,,
다 맛있구용,,
오틀리 업그레이드 이벤트 하네요!,,
파인콘 먹었는데 달달하니 식후에 딱이에요!!,,
🤎초코 코코넛 휘낭시에: 코코넛맛이 거의 안 나서 아쉽지만 먹을만합니다,,
💛유자 뉴욕롤: 뉴욕롤이란 걸 처음 먹어봤는데 상큼한 유자 필링이 정말 맛있었습니다,,
비주얼도 굿!,,
"👍
🤍얼그레이 뉴욕롤: 필링이 좀 적어서 얼그레이 맛을 충분히 느낄 순 없었지만 먹을만했습니다",,
노트북도 잠깐했는데 눈치 안보이고 좋았어요 ㅎㅎ,,
퍼석퍼석파석해서 ……🗣️,,
진짜 강추.,,
성수역에서 가까워서 좋아요,,
그냥 그러네요.. ㅋㅋ,,
"강남구청, 경복궁점 그리고 성수점까지 모두 가봤는데 성수점이 뭔가 더 맛있게 느껴지네요!!",,
😬,,
평일 저녁이라 한가해서 너무 좋았어요~,,
브레드 맛있습니다!,,
추천 :),,
🪩,,
😭,,
리치 펀치는 배가 씹히는데 좀 많이 달아서 놀랐어용,,
바로 옆에서 굽나 봅니다.,,
휴 내일 또 올 이유가 늘었다 >.<,,
라벤더 향이 향긋하니 좋아요.,,
"‘스톤 그라니따’ 먹었는데, 진짜 맛있어요!",,
스트레스가 해소되는 맛이에요ㅠㅠ,,
💕 강추드립니다!,,
양이 좀 없어요.,,
"컵에 써진 작은 메세지도 너무 좋았고, 카라멜도 맛있어요!",,
다른 메뉴들은 어떤지 궁금해지는 성수동 카페였네요,,
여럿이와도 부담없이 테이블도 많고 역시 에쏘맛집!,,
돌아다니다가 힘들게 발견한 구테로이테...,,
카페도 시원하고 잘 이용하고 갑니다!,,
💕 추천합니다!!,,
오노오오오오오오 우아아아앙,,
아직 공사가 덜된건 아쉽,,
3일간만 게바를 한다해서 다녀왔는데 너무 다 맛있고 좋았어요!,,
손님 한 분 한 분 모두 세심하게 정성껏 응대해주셔서 감사합니다,,
게바한다고 해서 갔는데 다 가향이라 취향은 아니었어요,,
그래도 나쁘지 않았어요,,
시그니처 중 특히 흑임자 들어간 건 정말 고소해서 강력 추천하고픈 메뉴!,,
!👍👍👍,,
다들 힘내세요,,
자주 갈거에요!,,
수유점 정말 자주 갔는게 성수에 생겨서 너무 좋았습니다ㅎㅎ,,
강추합니다ㅎㅎ,,
구테로이테가 성수에 생겼어요,,
성수오픈 축하드려요,,
구테로이테가 진짜 맛있네요!,,
이 조합 어떻게 찾아내신거죠?,,
완전 추천해요!,,
